city,distance_km,vehicle_type,mileage_kmpl,fuel_price_per_l,food_type,food_budget_tier,meals_per_day,activity_count,activity_type,needs_accommodation,hotel_cost_per_night,people_count,transport_type,total_daily_expense
Hyderabad,161.3,car,19.3,102.0,cafe,mid_range,3,3,entertainment,1,3024.13,2,rental_vehicle,6988.84
Kochi,50.3,ev,0.2,8.5,veg,budget,3,4,sightseeing,0,0.0,2,rental_vehicle,2380.23
Goa,65.5,ev,0.12,8.5,fast_food,budget,4,1,entertainment,1,3317.14,1,rental_vehicle,4347.01
Jaipur,53.9,ev,0.14,8.5,local_cuisine,mid_range,2,1,beach,0,0.0,2,rental_vehicle,2111.23
Kochi,49.5,ev,0.12,8.5,non_veg,mid_range,4,4,adventure,1,2008.2,2,taxi,6150.11
Goa,152.0,car,20.3,102.0,non_veg,fine_dining,3,5,sightseeing,0,0.0,1,personal_vehicle,3570.22
Hyderabad,90.4,bike,34.0,102.0,fast_food,budget,3,3,sightseeing,1,4227.31,2,taxi,6807.53
Bengaluru,28.1,car,15.1,102.0,cafe,mid_range,3,3,entertainment,0,0.0,1,rental_vehicle,1932.39
Mumbai,154.5,scooter,43.5,102.0,fast_food,mid_range,3,2,beach,0,0.0,1,public_transport,1925.81
Delhi,182.4,car,18.0,102.0,fast_food,budget,4,3,entertainment,0,0.0,4,personal_vehicle,5105.31
Kochi,130.3,scooter,46.8,102.0,local_cuisine,budget,3,3,shopping,0,0.0,1,rental_vehicle,1429.16
Kochi,10.1,bike,47.2,102.0,fast_food,mid_range,3,3,shopping,0,0.0,4,rental_vehicle,5864.26
Goa,108.6,bike,38.1,102.0,veg,budget,3,2,entertainment,0,0.0,1,personal_vehicle,1110.76
Goa,182.6,car,18.8,102.0,cafe,mid_range,4,4,cafe_hopping,1,1679.26,2,taxi,6767.1
Jaipur,130.1,scooter,46.0,102.0,veg,budget,3,5,entertainment,0,0.0,2,public_transport,2763.21
Delhi,132.6,ev,0.19,8.5,non_veg,mid_range,3,1,sightseeing,0,0.0,2,rental_vehicle,2892.55
Mumbai,53.4,ev,0.18,8.5,veg,mid_range,3,1,adventure,1,4131.55,2,personal_vehicle,6878.86
Goa,180.5,ev,0.14,8.5,veg,mid_range,2,4,adventure,1,2948.54,1,personal_vehicle,4244.5
Mumbai,195.0,scooter,42.4,102.0,non_veg,mid_range,3,5,sightseeing,0,0.0,1,rental_vehicle,2489.36
Goa,151.4,car,18.6,102.0,veg,mid_range,3,5,entertainment,1,3135.21,2,rental_vehicle,7288.1
Chennai,119.6,ev,0.19,8.5,local_cuisine,mid_range,3,3,sightseeing,0,0.0,4,rental_vehicle,6092.75
Jaipur,118.7,ev,0.19,8.5,cafe,budget,3,3,shopping,0,0.0,4,rental_vehicle,4202.57
Mumbai,118.3,ev,0.12,8.5,non_veg,budget,3,2,sightseeing,1,1305.5,2,public_transport,3197.9
Mumbai,58.7,ev,0.19,8.5,non_veg,budget,3,4,sightseeing,0,0.0,1,rental_vehicle,1341.59
Delhi,178.5,car,15.8,102.0,non_veg,mid_range,3,3,sightseeing,0,0.0,4,rental_vehicle,6964.91
Delhi,17.4,car,15.6,102.0,local_cuisine,budget,3,4,beach,1,2491.88,3,taxi,6115.2
Delhi,88.2,car,18.4,102.0,local_cuisine,budget,4,2,adventure,0,0.0,1,public_transport,1461.1
Jaipur,45.0,scooter,52.5,102.0,veg,mid_range,2,2,sightseeing,0,0.0,1,rental_vehicle,1311.38
Goa,44.7,bike,35.6,102.0,cafe,mid_range,3,5,cafe_hopping,0,0.0,2,public_transport,3494.57
Bengaluru,155.0,bike,39.5,102.0,veg,mid_range,3,2,shopping,1,4080.72,1,rental_vehicle,6482.57
Bengaluru,187.4,ev,0.19,8.5,cafe,mid_range,3,2,sightseeing,1,3154.69,3,taxi,8249.47
Chennai,164.1,car,21.4,102.0,fast_food,mid_range,3,3,beach,0,0.0,1,rental_vehicle,2330.75
Bengaluru,17.4,scooter,50.2,102.0,veg,mid_range,3,2,shopping,0,0.0,1,public_transport,1435.57
Jaipur,188.0,ev,0.17,8.5,cafe,fine_dining,3,5,sightseeing,0,0.0,2,public_transport,5786.7
Goa,34.3,bike,45.5,102.0,cafe,budget,3,1,entertainment,0,0.0,4,rental_vehicle,2711.42
Jaipur,180.1,bike,31.1,102.0,cafe,fine_dining,2,4,adventure,1,2585.33,1,taxi,5539.0
Jaipur,27.4,ev,0.13,8.5,fast_food,budget,4,1,cafe_hopping,0,0.0,1,public_transport,942.35
Mumbai,32.2,ev,0.17,8.5,non_veg,mid_range,2,5,shopping,0,0.0,3,rental_vehicle,4605.79
Jaipur,107.5,scooter,54.8,102.0,cafe,budget,3,1,museum,1,2192.16,1,personal_vehicle,3296.28
Bengaluru,182.2,car,16.3,102.0,cafe,budget,3,2,beach,0,0.0,1,personal_vehicle,1910.49
Hyderabad,151.7,bike,34.8,102.0,veg,budget,3,1,adventure,0,0.0,3,personal_vehicle,2511.62
Mumbai,184.6,ev,0.16,8.5,local_cuisine,budget,2,1,adventure,0,0.0,4,rental_vehicle,2682.6
Kochi,83.0,car,12.5,102.0,local_cuisine,fine_dining,2,4,beach,0,0.0,1,taxi,2797.55
Bengaluru,60.5,bike,49.5,102.0,fast_food,mid_range,3,1,museum,1,3333.51,1,rental_vehicle,4785.38
Mumbai,166.3,scooter,46.2,102.0,cafe,mid_range,3,2,entertainment,0,0.0,1,personal_vehicle,1709.74
Hyderabad,38.6,bike,45.0,102.0,veg,fine_dining,3,5,sightseeing,0,0.0,1,personal_vehicle,3116.93
Jaipur,20.7,scooter,50.4,102.0,cafe,fine_dining,4,5,cafe_hopping,1,4295.63,3,personal_vehicle,14447.08
Chennai,191.3,bike,34.1,102.0,veg,mid_range,3,4,cafe_hopping,0,0.0,2,rental_vehicle,3800.88
Kochi,156.7,car,15.1,102.0,veg,mid_range,3,3,sightseeing,0,0.0,1,public_transport,2624.55
Bengaluru,163.0,car,13.4,102.0,local_cuisine,fine_dining,3,2,adventure,0,0.0,1,rental_vehicle,4145.94
Delhi,114.0,bike,45.7,102.0,local_cuisine,budget,3,1,museum,1,2499.58,3,personal_vehicle,4759.84
Bengaluru,128.0,scooter,44.9,102.0,fast_food,mid_range,3,1,cafe_hopping,0,0.0,1,rental_vehicle,1606.2
Goa,131.8,ev,0.17,8.5,veg,fine_dining,3,5,shopping,1,1628.24,3,rental_vehicle,10127.2
Jaipur,114.3,bike,39.2,102.0,non_veg,fine_dining,2,2,museum,0,0.0,1,public_transport,2070.07
Chennai,140.7,ev,0.19,8.5,cafe,budget,3,1,entertainment,0,0.0,1,public_transport,975.85
Delhi,80.1,ev,0.17,8.5,non_veg,budget,3,3,cafe_hopping,1,3573.58,1,rental_vehicle,4860.3
Bengaluru,77.3,car,14.4,102.0,veg,mid_range,2,1,sightseeing,0,0.0,1,taxi,1756.75
Chennai,139.0,car,18.5,102.0,non_veg,budget,3,2,cafe_hopping,1,2397.14,1,personal_vehicle,3812.43
Jaipur,79.0,scooter,49.1,102.0,fast_food,budget,4,5,sightseeing,0,0.0,1,rental_vehicle,1699.97
Kochi,45.4,scooter,52.1,102.0,veg,budget,3,5,beach,1,4117.46,2,public_transport,5986.21
Delhi,11.0,scooter,43.9,102.0,fast_food,mid_range,3,3,shopping,0,0.0,2,rental_vehicle,3195.39
Delhi,31.8,scooter,51.5,102.0,cafe,mid_range,4,5,entertainment,0,0.0,1,taxi,2363.36
Bengaluru,114.2,scooter,54.8,102.0,cafe,mid_range,2,5,sightseeing,1,3003.86,1,public_transport,4596.88
Jaipur,167.8,ev,0.14,8.5,cafe,mid_range,4,4,entertainment,0,0.0,2,rental_vehicle,4196.29
Delhi,169.9,ev,0.18,8.5,cafe,budget,2,5,museum,1,3261.23,2,taxi,6115.45
Bengaluru,165.2,car,19.1,102.0,fast_food,mid_range,3,1,sightseeing,0,0.0,1,rental_vehicle,2154.32
Kochi,22.7,ev,0.16,8.5,fast_food,mid_range,3,3,shopping,0,0.0,2,personal_vehicle,3120.17
Mumbai,159.8,scooter,51.3,102.0,cafe,budget,3,4,adventure,1,2627.73,2,rental_vehicle,5248.66
Kochi,111.9,car,20.5,102.0,local_cuisine,budget,3,5,museum,0,0.0,2,rental_vehicle,3110.16
Delhi,113.1,car,18.0,102.0,local_cuisine,budget,4,2,adventure,1,4173.85,1,rental_vehicle,5972.3
Chennai,58.6,ev,0.19,8.5,local_cuisine,budget,4,5,museum,1,1364.39,2,rental_vehicle,4200.89
Delhi,33.7,bike,36.6,102.0,fast_food,mid_range,3,1,museum,0,0.0,3,personal_vehicle,3610.92
Bengaluru,73.4,car,16.1,102.0,non_veg,fine_dining,3,2,entertainment,1,2473.21,1,taxi,5734.1
Chennai,104.7,scooter,40.5,102.0,veg,budget,3,2,beach,0,0.0,2,personal_vehicle,1917.4
Delhi,97.2,ev,0.14,8.5,local_cuisine,mid_range,2,1,museum,0,0.0,1,taxi,1369.35
Jaipur,128.7,bike,39.4,102.0,fast_food,budget,3,2,shopping,0,0.0,1,rental_vehicle,1381.7
Kochi,155.4,ev,0.12,8.5,cafe,budget,3,2,shopping,1,2748.34,3,public_transport,5460.84
Jaipur,87.5,bike,34.4,102.0,fast_food,mid_range,3,1,cafe_hopping,0,0.0,3,taxi,4069.66
Hyderabad,147.0,car,14.4,102.0,fast_food,fine_dining,4,5,adventure,0,0.0,3,public_transport,12254.91
Jaipur,15.0,bike,47.5,102.0,cafe,mid_range,3,5,beach,0,0.0,3,public_transport,5249.03
Hyderabad,16.5,ev,0.16,8.5,veg,mid_range,3,4,shopping,1,1318.42,3,taxi,6355.8
Goa,90.8,car,17.1,102.0,veg,mid_range,3,1,adventure,1,2360.3,1,personal_vehicle,4187.06
Jaipur,141.3,bike,30.4,102.0,non_veg,mid_range,3,1,adventure,0,0.0,1,rental_vehicle,1868.37
Bengaluru,36.6,car,21.0,102.0,fast_food,mid_range,3,1,museum,0,0.0,4,rental_vehicle,5256.27
Jaipur,82.8,scooter,46.3,102.0,non_veg,budget,3,3,museum,1,1707.79,1,taxi,3305.73
Mumbai,66.5,car,21.5,102.0,cafe,mid_range,3,4,entertainment,0,0.0,1,rental_vehicle,2094.99
Mumbai,123.4,scooter,49.3,102.0,non_veg,budget,2,1,sightseeing,0,0.0,2,rental_vehicle,1496.05
Bengaluru,161.9,ev,0.2,8.5,non_veg,budget,3,3,entertainment,1,3723.05,2,personal_vehicle,5850.49
Hyderabad,26.5,ev,0.19,8.5,cafe,mid_range,3,1,shopping,0,0.0,1,rental_vehicle,1481.34
Goa,144.1,car,22.0,102.0,non_veg,mid_range,4,5,cafe_hopping,0,0.0,4,rental_vehicle,8702.88
Mumbai,189.4,scooter,51.2,102.0,local_cuisine,mid_range,3,2,cafe_hopping,0,0.0,2,public_transport,2952.67
Mumbai,142.3,ev,0.14,8.5,local_cuisine,mid_range,3,4,museum,1,3530.07,2,personal_vehicle,7578.42
Bengaluru,176.6,scooter,40.4,102.0,non_veg,fine_dining,2,5,museum,0,0.0,4,public_transport,8741.18
Jaipur,101.2,ev,0.19,8.5,veg,mid_range,3,4,museum,1,812.38,1,taxi,3080.19
Kochi,172.0,scooter,43.5,102.0,veg,budget,4,1,cafe_hopping,0,0.0,2,taxi,2498.34
Hyderabad,177.0,scooter,49.0,102.0,cafe,fine_dining,3,4,entertainment,0,0.0,3,rental_vehicle,8127.68
Jaipur,167.8,scooter,43.5,102.0,non_veg,budget,2,2,entertainment,1,3762.85,2,public_transport,5829.75
Kochi,199.3,car,20.2,102.0,cafe,budget,3,1,beach,0,0.0,1,personal_vehicle,1686.95
Goa,60.5,ev,0.15,8.5,fast_food,fine_dining,3,1,cafe_hopping,1,2838.17,1,taxi,5582.23
Bengaluru,25.4,ev,0.11,8.5,local_cuisine,budget,3,5,adventure,0,0.0,3,taxi,3889.57
Goa,138.8,car,20.6,102.0,veg,fine_dining,3,4,sightseeing,0,0.0,1,personal_vehicle,3485.94
Bengaluru,30.1,car,19.5,102.0,cafe,fine_dining,3,3,cafe_hopping,1,1276.82,1,rental_vehicle,4389.84
Hyderabad,40.5,ev,0.16,8.5,cafe,mid_range,2,5,adventure,0,0.0,2,taxi,3229.55
Goa,165.5,ev,0.11,8.5,non_veg,mid_range,3,4,beach,0,0.0,2,rental_vehicle,3296.53
Delhi,43.0,ev,0.11,8.5,fast_food,budget,3,1,shopping,0,0.0,1,taxi,1085.38
Jaipur,82.9,bike,30.4,102.0,fast_food,budget,2,2,adventure,0,0.0,4,public_transport,2962.18
Jaipur,172.3,car,19.9,102.0,cafe,budget,3,4,adventure,0,0.0,3,rental_vehicle,4185.57
Jaipur,182.8,bike,42.8,102.0,fast_food,budget,4,1,shopping,1,1650.83,1,taxi,3154.78
Chennai,133.8,ev,0.16,8.5,local_cuisine,mid_range,4,1,sightseeing,0,0.0,1,public_transport,1794.38
Mumbai,161.4,ev,0.1,8.5,local_cuisine,fine_dining,2,1,adventure,0,0.0,1,taxi,2209.61
Delhi,91.8,scooter,43.4,102.0,local_cuisine,budget,3,5,shopping,1,1948.34,1,taxi,4005.7
Bengaluru,101.2,car,19.2,102.0,fast_food,mid_range,3,1,entertainment,0,0.0,1,personal_vehicle,1740.4
Delhi,197.5,ev,0.1,8.5,local_cuisine,mid_range,3,2,beach,0,0.0,2,personal_vehicle,2787.53
Delhi,78.0,car,13.3,102.0,non_veg,mid_range,3,2,shopping,0,0.0,1,public_transport,1971.38
Jaipur,144.2,scooter,48.9,102.0,veg,budget,3,2,beach,1,3442.12,3,rental_vehicle,6277.54
Mumbai,180.0,ev,0.16,8.5,non_veg,mid_range,2,4,shopping,0,0.0,2,taxi,3382.59
Hyderabad,133.6,bike,47.4,102.0,non_veg,budget,3,5,museum,1,3237.22,1,rental_vehicle,5024.39
Mumbai,133.6,scooter,46.0,102.0,cafe,budget,2,1,cafe_hopping,0,0.0,3,public_transport,1781.54
Bengaluru,151.1,ev,0.16,8.5,local_cuisine,budget,4,2,sightseeing,0,0.0,2,rental_vehicle,2325.65
Bengaluru,123.6,ev,0.14,8.5,non_veg,fine_dining,3,5,beach,0,0.0,1,personal_vehicle,3210.58
Hyderabad,54.8,scooter,50.7,102.0,non_veg,budget,4,5,museum,0,0.0,1,rental_vehicle,1649.84
Goa,120.1,ev,0.16,8.5,veg,budget,4,2,entertainment,1,2003.2,2,taxi,4635.5
Delhi,194.3,car,14.3,102.0,non_veg,budget,2,2,museum,0,0.0,3,personal_vehicle,3649.86
Delhi,144.3,ev,0.14,8.5,local_cuisine,budget,3,5,beach,0,0.0,3,taxi,3819.04
Goa,121.2,car,17.6,102.0,fast_food,budget,3,2,sightseeing,0,0.0,4,personal_vehicle,3718.77
Jaipur,187.4,bike,32.1,102.0,fast_food,budget,2,5,shopping,1,818.28,4,rental_vehicle,5806.31
Jaipur,174.9,car,14.5,102.0,fast_food,mid_range,3,4,cafe_hopping,0,0.0,1,taxi,3178.43
Goa,194.3,bike,44.6,102.0,cafe,mid_range,3,2,sightseeing,1,4295.07,2,rental_vehicle,7626.04
Bengaluru,127.4,ev,0.19,8.5,veg,budget,4,4,sightseeing,1,4281.24,3,taxi,8166.89
Delhi,40.3,ev,0.1,8.5,veg,fine_dining,4,5,sightseeing,0,0.0,1,public_transport,3657.14
Delhi,133.6,scooter,44.9,102.0,fast_food,mid_range,3,1,cafe_hopping,0,0.0,3,taxi,4409.78
Jaipur,71.7,ev,0.16,8.5,cafe,budget,3,1,sightseeing,0,0.0,1,rental_vehicle,963.18
Bengaluru,121.5,ev,0.17,8.5,non_veg,mid_range,3,5,shopping,1,3934.52,4,personal_vehicle,10300.37
Bengaluru,110.1,car,17.3,102.0,fast_food,mid_range,3,2,beach,1,867.46,1,public_transport,2719.01
Goa,133.0,ev,0.2,8.5,local_cuisine,fine_dining,2,5,museum,0,0.0,1,personal_vehicle,2419.98
Kochi,68.4,car,17.3,102.0,non_veg,mid_range,3,1,museum,0,0.0,1,public_transport,1819.44
Hyderabad,139.4,scooter,52.0,102.0,veg,mid_range,3,4,beach,0,0.0,3,personal_vehicle,5037.76
Hyderabad,190.8,car,18.4,102.0,cafe,fine_dining,3,1,cafe_hopping,1,2320.81,3,taxi,9760.48
Goa,77.2,scooter,43.8,102.0,local_cuisine,budget,3,4,cafe_hopping,1,1153.48,2,personal_vehicle,3285.96
Chennai,150.0,scooter,47.1,102.0,cafe,budget,2,3,beach,0,0.0,2,personal_vehicle,1875.87
Kochi,130.1,bike,39.9,102.0,non_veg,budget,3,2,entertainment,0,0.0,1,personal_vehicle,1199.27
Hyderabad,156.8,ev,0.11,8.5,veg,mid_range,3,1,entertainment,0,0.0,2,personal_vehicle,2723.13
Chennai,168.1,ev,0.18,8.5,fast_food,mid_range,3,2,entertainment,0,0.0,1,public_transport,1538.99
Mumbai,148.8,scooter,45.0,102.0,local_cuisine,budget,4,5,cafe_hopping,1,1430.77,1,rental_vehicle,3141.58
Chennai,166.1,ev,0.13,8.5,local_cuisine,fine_dining,3,5,cafe_hopping,0,0.0,1,personal_vehicle,3138.54
Chennai,170.0,bike,31.9,102.0,non_veg,mid_range,3,5,beach,1,3422.36,1,personal_vehicle,5849.41
Hyderabad,60.0,scooter,45.7,102.0,non_veg,fine_dining,3,3,entertainment,0,0.0,1,taxi,3139.13
Delhi,171.8,scooter,47.5,102.0,veg,budget,3,3,adventure,1,4011.81,3,taxi,7931.95
Hyderabad,67.9,bike,36.5,102.0,fast_food,budget,3,2,adventure,1,3171.6,3,personal_vehicle,5325.97
Hyderabad,102.5,scooter,53.5,102.0,cafe,budget,4,1,museum,0,0.0,1,rental_vehicle,1254.37
Delhi,35.7,ev,0.11,8.5,local_cuisine,fine_dining,3,5,cafe_hopping,0,0.0,1,taxi,3239.72
Hyderabad,38.9,car,17.6,102.0,non_veg,mid_range,2,3,shopping,0,0.0,2,personal_vehicle,2452.6
Hyderabad,55.4,car,12.7,102.0,local_cuisine,budget,2,4,sightseeing,0,0.0,4,personal_vehicle,3897.27
Jaipur,128.5,ev,0.18,8.5,non_veg,budget,3,5,entertainment,0,0.0,1,rental_vehicle,1551.79
Hyderabad,149.4,scooter,54.5,102.0,non_veg,budget,3,5,shopping,1,1501.87,2,personal_vehicle,4128.95
Mumbai,60.5,car,16.5,102.0,local_cuisine,budget,2,4,shopping,0,0.0,2,taxi,2592.72
Mumbai,81.4,ev,0.19,8.5,non_veg,mid_range,3,1,sightseeing,1,4288.48,3,taxi,8586.64
Bengaluru,58.1,ev,0.15,8.5,fast_food,mid_range,3,1,cafe_hopping,1,2467.29,3,personal_vehicle,6011.7
Goa,197.8,car,18.8,102.0,cafe,budget,3,1,museum,1,1189.86,1,taxi,3226.04
Kochi,198.4,ev,0.18,8.5,fast_food,budget,2,5,museum,1,3628.18,1,rental_vehicle,5450.94
Hyderabad,25.6,ev,0.19,8.5,veg,fine_dining,3,3,sightseeing,0,0.0,1,personal_vehicle,2699.69
Kochi,180.2,scooter,52.0,102.0,local_cuisine,mid_range,2,5,museum,1,2726.84,2,rental_vehicle,6530.8
Mumbai,18.3,bike,48.6,102.0,veg,budget,3,4,shopping,1,4289.38,1,personal_vehicle,5397.86
Chennai,132.7,car,18.7,102.0,veg,budget,3,5,museum,0,0.0,4,rental_vehicle,6029.31
Goa,116.0,car,18.6,102.0,fast_food,budget,3,1,adventure,0,0.0,2,rental_vehicle,2261.72
Mumbai,193.4,car,17.1,102.0,local_cuisine,mid_range,3,5,sightseeing,0,0.0,1,public_transport,2818.22
Hyderabad,140.9,car,17.8,102.0,veg,mid_range,2,2,shopping,0,0.0,1,personal_vehicle,1811.29
Mumbai,86.3,scooter,49.9,102.0,veg,mid_range,3,3,entertainment,1,2188.46,2,taxi,5741.68
Kochi,171.1,scooter,40.5,102.0,veg,budget,3,5,sightseeing,1,3598.18,3,rental_vehicle,7476.45
Delhi,158.3,scooter,48.9,102.0,cafe,mid_range,2,5,shopping,1,2115.32,2,taxi,5062.67
Chennai,121.8,ev,0.15,8.5,fast_food,budget,3,4,beach,0,0.0,1,rental_vehicle,1399.42
Delhi,71.2,car,12.8,102.0,cafe,mid_range,4,5,cafe_hopping,1,2725.1,1,rental_vehicle,5705.35
Hyderabad,149.7,bike,31.8,102.0,local_cuisine,budget,3,3,sightseeing,1,3177.49,1,taxi,4703.83
Hyderabad,87.9,scooter,51.2,102.0,veg,fine_dining,3,4,museum,1,1411.59,2,rental_vehicle,7192.15
Kochi,121.4,scooter,47.8,102.0,cafe,mid_range,2,3,adventure,0,0.0,1,taxi,1795.19
Bengaluru,188.1,ev,0.11,8.5,local_cuisine,budget,4,3,sightseeing,1,826.01,1,rental_vehicle,2262.62
Delhi,35.0,bike,45.0,102.0,veg,fine_dining,2,4,shopping,0,0.0,1,public_transport,2215.18
Bengaluru,61.7,scooter,46.4,102.0,veg,mid_range,2,5,beach,0,0.0,1,rental_vehicle,1677.82
Mumbai,36.5,ev,0.13,8.5,fast_food,budget,3,2,entertainment,1,2872.62,4,rental_vehicle,6446.21
Kochi,148.9,scooter,54.7,102.0,cafe,mid_range,2,1,entertainment,0,0.0,4,taxi,4209.13
Chennai,44.8,bike,33.0,102.0,local_cuisine,mid_range,2,1,sightseeing,1,1641.42,1,public_transport,2739.09
Chennai,126.5,scooter,46.9,102.0,veg,mid_range,2,1,shopping,0,0.0,3,public_transport,2892.03
Jaipur,152.4,ev,0.11,8.5,local_cuisine,budget,4,3,cafe_hopping,0,0.0,1,personal_vehicle,1228.31
Kochi,153.3,car,14.0,102.0,cafe,mid_range,2,3,museum,0,0.0,4,rental_vehicle,5546.99
Chennai,15.2,bike,31.9,102.0,fast_food,fine_dining,3,4,entertainment,0,0.0,2,personal_vehicle,5281.01
Jaipur,193.3,ev,0.12,8.5,local_cuisine,mid_range,3,5,cafe_hopping,1,1524.61,3,rental_vehicle,6894.69
Bengaluru,95.0,scooter,51.9,102.0,fast_food,budget,3,3,adventure,0,0.0,1,taxi,1577.89
Goa,38.9,ev,0.18,8.5,fast_food,fine_dining,3,1,cafe_hopping,0,0.0,1,rental_vehicle,2545.94
Jaipur,71.4,ev,0.19,8.5,fast_food,budget,2,1,entertainment,0,0.0,2,rental_vehicle,1375.86
Mumbai,45.6,bike,35.9,102.0,non_veg,budget,3,1,entertainment,1,3211.17,1,taxi,4188.92
Bengaluru,165.7,ev,0.13,8.5,non_veg,budget,2,2,adventure,1,2354.44,4,public_transport,5512.09
Chennai,92.7,ev,0.14,8.5,cafe,mid_range,3,3,entertainment,0,0.0,2,rental_vehicle,3159.05
Bengaluru,69.8,ev,0.11,8.5,veg,mid_range,4,3,beach,1,1597.46,1,personal_vehicle,3523.7
Delhi,54.2,bike,45.8,102.0,cafe,fine_dining,3,3,entertainment,0,0.0,1,taxi,3102.84
Kochi,97.5,ev,0.14,8.5,fast_food,mid_range,3,3,beach,0,0.0,1,rental_vehicle,1770.18
Goa,144.5,scooter,53.7,102.0,non_veg,mid_range,3,5,cafe_hopping,1,2868.98,2,personal_vehicle,6623.31
Delhi,130.7,ev,0.11,8.5,cafe,mid_range,2,1,sightseeing,0,0.0,1,public_transport,1090.06
Mumbai,181.6,ev,0.19,8.5,cafe,mid_range,3,5,adventure,1,928.28,2,taxi,5243.54
Kochi,172.6,car,18.6,102.0,local_cuisine,budget,3,5,museum,0,0.0,1,public_transport,2233.39
Hyderabad,25.6,scooter,46.5,102.0,veg,budget,2,5,entertainment,0,0.0,2,public_transport,2365.79
Delhi,138.5,ev,0.11,8.5,local_cuisine,mid_range,3,2,shopping,0,0.0,4,taxi,5586.8
Chennai,10.6,bike,39.4,102.0,non_veg,fine_dining,3,2,sightseeing,0,0.0,1,public_transport,2567.27
Goa,99.3,ev,0.13,8.5,veg,mid_range,2,1,adventure,1,3922.52,1,public_transport,5035.73
Kochi,85.4,scooter,54.0,102.0,veg,mid_range,3,1,museum,0,0.0,2,personal_vehicle,2709.18
Hyderabad,103.8,car,12.4,102.0,fast_food,budget,3,1,beach,1,4064.36,2,personal_vehicle,5909.22
Jaipur,146.5,ev,0.18,8.5,veg,mid_range,2,5,cafe_hopping,0,0.0,2,rental_vehicle,3267.07
Bengaluru,31.8,scooter,52.0,102.0,local_cuisine,budget,2,4,beach,1,2295.69,1,personal_vehicle,3310.25
Chennai,132.8,car,17.9,102.0,non_veg,mid_range,2,1,sightseeing,0,0.0,1,rental_vehicle,1899.74
Mumbai,150.8,bike,31.3,102.0,non_veg,budget,3,3,entertainment,0,0.0,2,rental_vehicle,2543.53
Goa,133.9,ev,0.14,8.5,fast_food,mid_range,3,1,museum,1,2984.06,1,taxi,4442.83
Mumbai,95.5,ev,0.19,8.5,fast_food,mid_range,3,1,adventure,1,3347.1,1,taxi,5172.55
Jaipur,179.1,bike,48.9,102.0,fast_food,budget,3,4,entertainment,0,0.0,1,rental_vehicle,1585.48
Mumbai,69.1,scooter,52.7,102.0,non_veg,mid_range,3,1,cafe_hopping,1,1320.05,1,taxi,3037.18
Jaipur,83.0,car,14.1,102.0,fast_food,budget,2,2,adventure,1,2496.54,1,personal_vehicle,3850.31
Bengaluru,32.1,scooter,45.6,102.0,fast_food,fine_dining,3,4,sightseeing,1,1867.1,4,taxi,14434.23
Jaipur,154.8,car,20.4,102.0,fast_food,budget,3,3,shopping,0,0.0,1,taxi,1933.48
Jaipur,193.6,car,17.4,102.0,veg,mid_range,2,3,museum,1,2608.92,1,personal_vehicle,4717.23
Kochi,118.2,scooter,46.9,102.0,cafe,budget,3,5,beach,1,1289.78,2,rental_vehicle,4270.66
Mumbai,77.2,car,20.7,102.0,cafe,mid_range,3,5,sightseeing,1,2527.09,1,rental_vehicle,4793.48
Goa,27.8,ev,0.19,8.5,non_veg,mid_range,3,3,entertainment,1,2140.39,2,personal_vehicle,4837.24
Kochi,96.6,ev,0.18,8.5,local_cuisine,mid_range,3,1,beach,0,0.0,2,personal_vehicle,2543.96
Jaipur,194.6,bike,48.5,102.0,non_veg,mid_range,3,3,entertainment,1,1297.41,1,taxi,3668.24
Delhi,162.8,ev,0.17,8.5,veg,mid_range,4,2,shopping,1,1890.09,1,personal_vehicle,3978.92
Hyderabad,37.1,ev,0.19,8.5,local_cuisine,mid_range,3,4,entertainment,1,1127.84,1,rental_vehicle,2806.29
Kochi,87.4,scooter,40.4,102.0,fast_food,budget,2,4,museum,1,1067.57,4,public_transport,4964.61
Chennai,105.1,scooter,43.6,102.0,local_cuisine,budget,3,4,shopping,0,0.0,3,rental_vehicle,3699.61
Goa,87.0,car,12.2,102.0,cafe,mid_range,3,5,museum,1,2123.91,2,rental_vehicle,6574.9
Goa,95.4,scooter,52.3,102.0,local_cuisine,mid_range,3,2,beach,0,0.0,1,public_transport,1512.85
Kochi,117.0,ev,0.11,8.5,non_veg,mid_range,2,2,shopping,1,3470.37,1,personal_vehicle,4494.3
Goa,122.8,bike,31.3,102.0,non_veg,mid_range,3,4,sightseeing,0,0.0,4,personal_vehicle,6614.25
Chennai,34.7,bike,46.9,102.0,local_cuisine,mid_range,4,3,museum,0,0.0,1,taxi,2209.66
Chennai,186.7,bike,44.1,102.0,non_veg,budget,3,3,museum,0,0.0,1,public_transport,1534.53
Chennai,138.5,bike,36.0,102.0,cafe,mid_range,3,5,shopping,0,0.0,1,public_transport,1890.81
Hyderabad,31.1,ev,0.14,8.5,local_cuisine,budget,3,5,shopping,0,0.0,1,rental_vehicle,1437.98
Goa,80.5,scooter,47.1,102.0,veg,mid_range,3,5,shopping,0,0.0,4,taxi,6963.37
Delhi,19.9,ev,0.17,8.5,veg,fine_dining,3,3,museum,0,0.0,1,rental_vehicle,2966.55
Jaipur,60.8,bike,43.8,102.0,cafe,budget,3,1,beach,1,916.26,2,rental_vehicle,2903.38
Goa,147.7,bike,49.3,102.0,local_cuisine,budget,3,4,cafe_hopping,0,0.0,1,taxi,1790.06
Mumbai,119.3,scooter,51.6,102.0,veg,budget,3,5,sightseeing,1,2716.45,1,rental_vehicle,4660.61
Jaipur,132.8,car,20.8,102.0,fast_food,budget,3,1,cafe_hopping,1,2494.58,1,taxi,4525.69
Goa,22.5,bike,48.7,102.0,non_veg,mid_range,3,4,shopping,0,0.0,4,public_transport,6422.2
Delhi,157.6,bike,34.5,102.0,local_cuisine,mid_range,3,1,shopping,0,0.0,1,personal_vehicle,1699.45
Jaipur,110.2,ev,0.14,8.5,local_cuisine,mid_range,3,4,adventure,0,0.0,1,public_transport,1762.74
Bengaluru,38.0,bike,39.9,102.0,veg,mid_range,2,2,adventure,0,0.0,1,personal_vehicle,1109.87
Bengaluru,139.1,bike,42.4,102.0,non_veg,mid_range,2,3,adventure,1,2580.93,3,taxi,6734.07
Delhi,135.2,bike,33.9,102.0,fast_food,mid_range,3,3,shopping,0,0.0,1,personal_vehicle,1904.66
Chennai,184.7,car,12.7,102.0,non_veg,fine_dining,2,3,museum,1,4291.7,4,personal_vehicle,13822.24
Kochi,146.5,car,14.3,102.0,fast_food,mid_range,2,2,adventure,1,3031.34,3,taxi,7322.03
Jaipur,81.6,ev,0.12,8.5,fast_food,budget,3,2,cafe_hopping,1,1152.98,1,personal_vehicle,2149.62
Jaipur,32.5,bike,33.1,102.0,fast_food,fine_dining,3,1,museum,0,0.0,2,taxi,5095.38
Jaipur,16.2,car,21.5,102.0,fast_food,budget,3,5,beach,0,0.0,2,rental_vehicle,2499.59
Bengaluru,176.7,ev,0.11,8.5,non_veg,mid_range,3,5,shopping,1,1348.26,2,personal_vehicle,5026.22
Jaipur,92.0,ev,0.14,8.5,fast_food,mid_range,3,3,entertainment,0,0.0,1,public_transport,1700.32
Bengaluru,178.9,scooter,43.1,102.0,cafe,budget,3,4,adventure,0,0.0,1,public_transport,1508.52
Mumbai,106.3,car,13.0,102.0,fast_food,mid_range,3,2,museum,1,3222.21,1,personal_vehicle,5275.53
Delhi,90.8,bike,37.8,102.0,cafe,mid_range,2,1,beach,0,0.0,1,rental_vehicle,1352.37
Goa,53.0,scooter,40.2,102.0,local_cuisine,budget,2,4,beach,0,0.0,2,taxi,2355.63
Hyderabad,125.8,scooter,44.9,102.0,veg,budget,3,1,adventure,0,0.0,4,taxi,3428.06
Hyderabad,51.9,scooter,45.9,102.0,cafe,budget,3,2,shopping,0,0.0,1,rental_vehicle,1181.6
Bengaluru,101.6,bike,42.0,102.0,local_cuisine,mid_range,2,5,adventure,1,3421.41,1,personal_vehicle,5079.46
Chennai,95.3,scooter,50.5,102.0,fast_food,mid_range,2,2,cafe_hopping,1,2075.04,1,personal_vehicle,3223.89
Kochi,136.4,bike,47.1,102.0,veg,mid_range,3,1,sightseeing,0,0.0,1,taxi,1792.86
Goa,149.5,scooter,40.2,102.0,fast_food,mid_range,2,2,sightseeing,1,2419.35,1,public_transport,4149.2
Chennai,193.7,car,16.3,102.0,cafe,mid_range,3,5,adventure,0,0.0,1,public_transport,2953.28
Mumbai,174.4,ev,0.17,8.5,local_cuisine,budget,3,3,sightseeing,1,1726.73,2,public_transport,3669.99
Goa,19.8,bike,30.4,102.0,cafe,budget,3,1,adventure,0,0.0,2,rental_vehicle,1701.63
Jaipur,23.0,car,15.6,102.0,non_veg,mid_range,3,5,entertainment,0,0.0,1,taxi,2160.96
Hyderabad,89.5,scooter,49.0,102.0,local_cuisine,budget,3,2,sightseeing,1,1049.76,2,personal_vehicle,2905.05
Bengaluru,194.4,bike,49.6,102.0,veg,mid_range,3,1,sightseeing,0,0.0,1,public_transport,1685.71
Mumbai,61.0,ev,0.15,8.5,non_veg,mid_range,2,5,cafe_hopping,1,1899.98,1,taxi,4082.68
Mumbai,128.5,car,17.5,102.0,cafe,budget,4,3,shopping,0,0.0,2,rental_vehicle,2978.92
Delhi,10.4,ev,0.19,8.5,non_veg,mid_range,3,3,adventure,1,824.72,2,taxi,3931.72
Bengaluru,81.0,bike,38.2,102.0,veg,budget,4,1,beach,1,1615.79,2,rental_vehicle,3806.13
Goa,136.3,scooter,40.1,102.0,non_veg,budget,3,1,beach,1,3823.83,2,public_transport,5362.51
Bengaluru,199.3,ev,0.16,8.5,veg,mid_range,3,5,cafe_hopping,0,0.0,3,taxi,5431.08
Kochi,125.3,car,17.9,102.0,non_veg,fine_dining,3,4,entertainment,0,0.0,2,public_transport,5691.85
Bengaluru,107.6,car,19.4,102.0,fast_food,mid_range,3,5,adventure,1,2034.35,3,personal_vehicle,7722.81
Goa,159.6,scooter,49.5,102.0,fast_food,mid_range,3,4,shopping,1,4264.24,1,rental_vehicle,6567.35
Hyderabad,65.6,car,18.0,102.0,cafe,budget,3,5,entertainment,0,0.0,4,public_transport,5249.54
Kochi,134.5,bike,48.5,102.0,cafe,budget,2,2,beach,1,4062.26,3,taxi,6396.78
Mumbai,31.0,bike,30.2,102.0,local_cuisine,budget,3,1,museum,1,1083.55,3,personal_vehicle,3319.57
Goa,159.4,scooter,45.3,102.0,non_veg,budget,3,1,museum,1,1087.27,3,public_transport,3500.12
Kochi,109.1,bike,43.5,102.0,veg,budget,3,1,cafe_hopping,1,1393.35,2,personal_vehicle,2945.93
Goa,32.3,bike,44.8,102.0,cafe,mid_range,3,2,adventure,0,0.0,1,personal_vehicle,1507.68
Kochi,41.5,scooter,53.2,102.0,non_veg,budget,2,4,shopping,0,0.0,2,rental_vehicle,2047.08
Hyderabad,54.5,car,19.5,102.0,fast_food,mid_range,3,1,entertainment,1,2323.9,2,personal_vehicle,4886.33
Bengaluru,72.2,bike,47.4,102.0,non_veg,budget,4,1,museum,0,0.0,1,taxi,1375.93
Jaipur,84.5,bike,43.6,102.0,non_veg,mid_range,3,1,adventure,1,1055.47,1,public_transport,2553.14
Jaipur,129.4,ev,0.17,8.5,veg,mid_range,3,1,museum,1,3920.31,1,public_transport,5424.46
Jaipur,44.9,scooter,46.1,102.0,fast_food,budget,3,1,shopping,1,1552.85,1,rental_vehicle,2386.1
Kochi,84.0,bike,44.9,102.0,local_cuisine,mid_range,4,2,shopping,0,0.0,4,taxi,6765.97
Kochi,148.6,ev,0.11,8.5,local_cuisine,mid_range,3,2,cafe_hopping,1,830.95,1,rental_vehicle,2450.47
Goa,102.0,ev,0.16,8.5,non_veg,mid_range,3,1,beach,1,2959.74,2,personal_vehicle,5803.35
Delhi,36.7,bike,34.1,102.0,local_cuisine,mid_range,2,1,cafe_hopping,1,3574.92,4,public_transport,6879.15
Hyderabad,123.5,ev,0.18,8.5,non_veg,mid_range,3,2,beach,0,0.0,2,rental_vehicle,3205.42
Chennai,55.9,car,20.6,102.0,local_cuisine,mid_range,3,1,shopping,1,2216.36,3,rental_vehicle,5840.67
Kochi,161.3,ev,0.15,8.5,veg,budget,4,5,sightseeing,0,0.0,3,personal_vehicle,3987.22
Delhi,166.5,scooter,49.9,102.0,local_cuisine,mid_range,4,4,shopping,1,2162.88,1,personal_vehicle,4537.0
Jaipur,59.3,scooter,46.2,102.0,fast_food,mid_range,3,2,adventure,0,0.0,1,taxi,1880.05
Goa,136.7,scooter,52.7,102.0,fast_food,mid_range,3,3,beach,1,4254.21,3,personal_vehicle,8725.58
Bengaluru,11.1,car,14.4,102.0,cafe,budget,4,3,entertainment,1,2302.24,1,taxi,3656.3
Kochi,13.3,ev,0.16,8.5,local_cuisine,budget,3,3,shopping,0,0.0,2,personal_vehicle,1940.34
Jaipur,121.5,bike,31.4,102.0,cafe,mid_range,3,2,museum,0,0.0,1,public_transport,1752.36
Bengaluru,75.0,bike,42.7,102.0,cafe,fine_dining,4,4,adventure,1,3445.87,2,public_transport,10866.17
Goa,96.4,scooter,45.4,102.0,non_veg,budget,4,4,museum,0,0.0,2,personal_vehicle,2488.77
Mumbai,152.1,car,18.0,102.0,local_cuisine,budget,3,1,museum,1,1024.24,2,personal_vehicle,3389.84
Hyderabad,42.6,car,20.4,102.0,local_cuisine,fine_dining,3,2,adventure,1,2962.65,3,rental_vehicle,10810.6
Goa,28.0,car,12.5,102.0,cafe,mid_range,2,4,beach,0,0.0,2,public_transport,2832.61
Hyderabad,105.3,car,20.9,102.0,fast_food,mid_range,3,1,entertainment,0,0.0,1,personal_vehicle,1764.04
Goa,188.7,bike,31.2,102.0,local_cuisine,budget,3,4,sightseeing,1,4100.0,1,rental_vehicle,6014.84
Mumbai,160.0,car,14.1,102.0,non_veg,mid_range,2,2,beach,0,0.0,2,personal_vehicle,2951.78
Goa,49.4,ev,0.13,8.5,local_cuisine,mid_range,3,4,museum,0,0.0,4,rental_vehicle,6344.91
Kochi,180.7,scooter,45.1,102.0,non_veg,mid_range,3,5,adventure,1,1923.41,1,taxi,4375.32
Chennai,93.9,car,15.1,102.0,veg,mid_range,3,2,sightseeing,0,0.0,1,rental_vehicle,2029.1
Mumbai,198.4,bike,47.2,102.0,cafe,fine_dining,3,4,shopping,0,0.0,1,taxi,3613.58
Kochi,169.3,car,13.2,102.0,non_veg,budget,3,3,sightseeing,0,0.0,4,personal_vehicle,5389.37
Chennai,165.4,scooter,48.5,102.0,veg,mid_range,3,4,beach,0,0.0,1,taxi,2226.56
Goa,45.2,scooter,52.8,102.0,fast_food,budget,3,5,adventure,1,2913.66,1,rental_vehicle,4330.37
Goa,161.6,car,20.9,102.0,local_cuisine,mid_range,3,5,adventure,1,893.38,1,personal_vehicle,3343.12
Kochi,152.8,bike,47.4,102.0,non_veg,budget,3,1,adventure,0,0.0,2,personal_vehicle,1755.86
Chennai,65.9,ev,0.19,8.5,cafe,fine_dining,3,3,shopping,1,2982.81,1,taxi,5902.4
Bengaluru,154.5,car,18.0,102.0,cafe,mid_range,3,2,museum,1,3622.71,1,personal_vehicle,5955.28
Goa,53.1,car,21.1,102.0,non_veg,mid_range,2,4,adventure,0,0.0,1,rental_vehicle,1673.0
Goa,19.4,bike,45.5,102.0,veg,mid_range,3,4,sightseeing,1,1539.41,1,public_transport,3291.73
Mumbai,133.8,bike,34.7,102.0,cafe,fine_dining,3,2,adventure,0,0.0,3,rental_vehicle,7884.7
Mumbai,75.6,bike,36.6,102.0,non_veg,mid_range,4,4,entertainment,1,3310.45,1,rental_vehicle,5525.6
Kochi,190.0,car,17.1,102.0,non_veg,fine_dining,3,5,beach,1,2809.18,1,taxi,6969.96
Mumbai,171.4,scooter,45.2,102.0,veg,fine_dining,2,2,beach,0,0.0,1,public_transport,2186.53
Goa,144.9,car,13.5,102.0,cafe,mid_range,3,2,adventure,0,0.0,4,taxi,6819.77
Mumbai,65.9,car,19.6,102.0,veg,budget,3,5,beach,0,0.0,1,public_transport,1668.65
Bengaluru,180.2,car,15.0,102.0,veg,mid_range,3,3,shopping,1,3993.6,3,personal_vehicle,9616.37
Kochi,139.6,scooter,44.5,102.0,local_cuisine,mid_range,3,1,shopping,0,0.0,4,taxi,5812.66
Delhi,149.3,ev,0.16,8.5,cafe,mid_range,3,3,shopping,0,0.0,4,taxi,6400.34
Jaipur,28.8,bike,39.3,102.0,fast_food,fine_dining,3,1,entertainment,0,0.0,2,taxi,5218.35
Mumbai,135.2,ev,0.12,8.5,non_veg,mid_range,3,5,museum,1,4439.2,1,public_transport,6140.76
Bengaluru,19.6,ev,0.1,8.5,veg,mid_range,3,1,sightseeing,0,0.0,2,rental_vehicle,2706.22
Jaipur,151.6,scooter,47.2,102.0,cafe,mid_range,2,1,sightseeing,0,0.0,1,rental_vehicle,1350.24
Kochi,117.5,scooter,45.7,102.0,cafe,mid_range,3,5,sightseeing,0,0.0,1,taxi,2059.17
Kochi,139.0,scooter,50.3,102.0,veg,mid_range,4,2,beach,0,0.0,2,rental_vehicle,3780.77
Kochi,170.5,car,16.2,102.0,fast_food,mid_range,2,3,sightseeing,1,1656.48,2,rental_vehicle,5272.59
Goa,18.9,ev,0.16,8.5,veg,fine_dining,4,3,beach,0,0.0,2,rental_vehicle,6550.13
Kochi,44.5,car,12.3,102.0,local_cuisine,mid_range,2,5,shopping,0,0.0,1,taxi,2049.27
Hyderabad,149.0,bike,36.3,102.0,non_veg,fine_dining,4,3,cafe_hopping,1,3130.34,1,rental_vehicle,6997.06
Jaipur,91.4,ev,0.14,8.5,cafe,mid_range,2,2,museum,0,0.0,1,public_transport,1164.61
Kochi,57.7,scooter,43.7,102.0,non_veg,mid_range,3,4,adventure,0,0.0,1,public_transport,1792.45
Goa,193.5,ev,0.12,8.5,fast_food,budget,3,3,adventure,0,0.0,1,public_transport,1226.81
Mumbai,96.3,scooter,40.4,102.0,local_cuisine,budget,3,2,sightseeing,0,0.0,1,rental_vehicle,1216.76
Hyderabad,104.4,car,16.2,102.0,local_cuisine,budget,3,1,shopping,1,1111.27,1,public_transport,2576.27
Hyderabad,13.2,scooter,42.4,102.0,non_veg,budget,3,5,museum,1,1927.03,1,rental_vehicle,3278.99
Mumbai,89.8,car,15.9,102.0,cafe,mid_range,4,1,beach,0,0.0,1,rental_vehicle,2316.19
Delhi,79.2,ev,0.2,8.5,non_veg,budget,3,4,beach,0,0.0,1,public_transport,1209.41
Jaipur,26.6,scooter,41.4,102.0,local_cuisine,budget,3,5,adventure,0,0.0,1,public_transport,1258.63
Jaipur,175.4,bike,38.8,102.0,fast_food,mid_range,3,4,entertainment,0,0.0,1,personal_vehicle,2001.34
Delhi,149.4,car,15.6,102.0,non_veg,budget,2,5,entertainment,1,1515.71,2,personal_vehicle,4625.39
Delhi,178.4,ev,0.13,8.5,veg,budget,3,4,cafe_hopping,1,1322.1,2,rental_vehicle,3660.18
Kochi,111.7,scooter,50.1,102.0,cafe,fine_dining,2,1,shopping,0,0.0,1,rental_vehicle,2069.66
Kochi,76.8,car,17.8,102.0,cafe,mid_range,4,2,entertainment,0,0.0,1,taxi,2460.98
Goa,48.3,bike,38.6,102.0,veg,budget,2,2,cafe_hopping,1,948.51,3,taxi,3681.93
Goa,65.9,ev,0.18,8.5,non_veg,mid_range,3,3,shopping,0,0.0,1,public_transport,1571.81
Bengaluru,179.0,scooter,49.0,102.0,non_veg,mid_range,3,4,sightseeing,0,0.0,1,rental_vehicle,2240.01
Goa,71.5,ev,0.17,8.5,non_veg,budget,3,5,adventure,0,0.0,2,public_transport,2399.2
Bengaluru,122.9,ev,0.13,8.5,local_cuisine,budget,3,1,shopping,1,2586.04,2,public_transport,4348.87
Delhi,147.6,scooter,44.4,102.0,veg,fine_dining,2,4,museum,0,0.0,2,taxi,4833.81
Jaipur,124.2,scooter,52.0,102.0,non_veg,mid_range,2,4,museum,0,0.0,2,taxi,2823.76
Jaipur,181.1,bike,36.2,102.0,cafe,mid_range,4,3,cafe_hopping,0,0.0,1,public_transport,2309.48
Mumbai,122.8,car,12.4,102.0,local_cuisine,budget,3,5,cafe_hopping,0,0.0,3,personal_vehicle,4608.2
Chennai,97.5,ev,0.16,8.5,cafe,fine_dining,3,3,adventure,0,0.0,1,public_transport,2837.36
Kochi,12.5,car,20.2,102.0,cafe,fine_dining,3,1,museum,0,0.0,2,rental_vehicle,4575.8
Bengaluru,125.4,ev,0.12,8.5,veg,budget,2,3,cafe_hopping,1,2443.18,2,rental_vehicle,4000.28
Jaipur,68.1,bike,39.8,102.0,local_cuisine,mid_range,3,3,sightseeing,1,1274.81,2,taxi,4615.32
Delhi,143.1,bike,46.1,102.0,fast_food,mid_range,3,5,entertainment,0,0.0,1,rental_vehicle,2219.44
Jaipur,171.5,car,14.3,102.0,non_veg,mid_range,3,3,museum,0,0.0,1,public_transport,2510.7
Goa,30.0,ev,0.15,8.5,fast_food,mid_range,3,2,entertainment,0,0.0,1,taxi,1801.78
Chennai,195.6,ev,0.16,8.5,fast_food,fine_dining,4,4,shopping,1,2048.02,4,personal_vehicle,14901.94
Kochi,149.2,ev,0.11,8.5,veg,mid_range,3,4,adventure,1,4243.38,2,rental_vehicle,7922.34
Hyderabad,160.1,scooter,48.8,102.0,veg,budget,2,3,sightseeing,0,0.0,1,rental_vehicle,1337.27
Delhi,199.6,ev,0.11,8.5,local_cuisine,mid_range,2,1,entertainment,0,0.0,2,personal_vehicle,2112.6
Kochi,96.5,bike,48.8,102.0,veg,fine_dining,2,2,sightseeing,1,2952.43,1,taxi,5129.1
Chennai,34.1,bike,43.5,102.0,local_cuisine,mid_range,3,2,beach,0,0.0,2,personal_vehicle,2636.53
Delhi,25.1,car,17.9,102.0,veg,budget,3,3,cafe_hopping,1,2174.72,2,public_transport,4044.32
Goa,70.6,ev,0.16,8.5,local_cuisine,budget,3,2,beach,1,2131.24,1,public_transport,3166.58
Goa,162.3,car,17.2,102.0,cafe,budget,3,2,museum,1,3086.35,1,rental_vehicle,4923.23
Jaipur,12.5,bike,35.6,102.0,cafe,mid_range,3,5,beach,0,0.0,2,public_transport,3658.23
Bengaluru,94.1,car,14.0,102.0,fast_food,mid_range,3,1,shopping,1,2852.34,3,rental_vehicle,7251.41
Bengaluru,159.0,bike,30.3,102.0,fast_food,fine_dining,3,4,beach,0,0.0,1,rental_vehicle,3659.36
Goa,169.1,car,18.7,102.0,cafe,budget,2,2,beach,0,0.0,2,taxi,2660.06
Hyderabad,172.4,bike,39.7,102.0,non_veg,budget,3,5,entertainment,0,0.0,2,personal_vehicle,2735.41
Hyderabad,28.6,scooter,52.3,102.0,veg,mid_range,2,3,adventure,0,0.0,1,rental_vehicle,1387.65
Delhi,197.0,ev,0.11,8.5,veg,budget,2,5,entertainment,0,0.0,4,public_transport,4129.56
Delhi,42.3,ev,0.16,8.5,fast_food,mid_range,3,4,beach,0,0.0,1,rental_vehicle,1855.07
Goa,191.8,ev,0.15,8.5,cafe,budget,2,2,cafe_hopping,0,0.0,2,personal_vehicle,1625.91
Hyderabad,93.0,car,15.5,102.0,fast_food,mid_range,3,2,adventure,1,3501.9,1,personal_vehicle,5453.39
Mumbai,150.5,scooter,42.7,102.0,fast_food,budget,3,4,beach,0,0.0,3,public_transport,3451.77
Kochi,86.5,car,17.7,102.0,local_cuisine,mid_range,3,4,cafe_hopping,1,4054.53,4,personal_vehicle,11657.49
Chennai,49.6,car,15.0,102.0,fast_food,mid_range,3,5,entertainment,0,0.0,1,personal_vehicle,2257.73
Jaipur,52.7,ev,0.17,8.5,fast_food,budget,3,4,entertainment,0,0.0,2,personal_vehicle,2067.38
Chennai,161.3,scooter,47.7,102.0,cafe,mid_range,2,5,adventure,0,0.0,2,personal_vehicle,3006.61
Chennai,104.3,bike,34.9,102.0,cafe,budget,2,3,cafe_hopping,0,0.0,1,public_transport,1100.25
Bengaluru,145.7,ev,0.14,8.5,cafe,budget,3,1,museum,0,0.0,1,rental_vehicle,1103.19
Mumbai,163.6,bike,45.0,102.0,fast_food,budget,3,1,shopping,0,0.0,2,rental_vehicle,2031.73
Bengaluru,92.8,bike,41.8,102.0,non_veg,budget,3,3,cafe_hopping,1,3658.88,2,rental_vehicle,5784.05
Chennai,124.9,ev,0.16,8.5,veg,budget,3,1,cafe_hopping,0,0.0,3,public_transport,2118.57
Jaipur,117.3,scooter,53.3,102.0,cafe,fine_dining,4,2,museum,0,0.0,3,taxi,9887.19
Kochi,58.7,car,21.0,102.0,non_veg,fine_dining,3,4,museum,0,0.0,2,taxi,6006.59
Hyderabad,69.4,ev,0.19,8.5,cafe,fine_dining,3,3,museum,1,3359.13,4,taxi,14068.9
Delhi,49.3,scooter,45.5,102.0,fast_food,mid_range,3,5,entertainment,0,0.0,1,rental_vehicle,2059.76
Hyderabad,185.1,ev,0.19,8.5,local_cuisine,mid_range,3,3,cafe_hopping,0,0.0,2,taxi,3325.44
Chennai,181.6,scooter,41.6,102.0,non_veg,budget,3,2,sightseeing,0,0.0,3,public_transport,2761.28
Bengaluru,155.3,bike,48.2,102.0,non_veg,fine_dining,3,1,cafe_hopping,0,0.0,2,rental_vehicle,5051.29
Delhi,162.5,scooter,40.1,102.0,fast_food,fine_dining,3,3,entertainment,1,1957.8,3,personal_vehicle,9672.87
Jaipur,144.0,car,12.8,102.0,local_cuisine,mid_range,3,5,cafe_hopping,1,2559.26,3,taxi,9270.21
Bengaluru,114.3,scooter,46.0,102.0,cafe,mid_range,3,3,museum,1,4250.21,4,public_transport,10066.2
Delhi,99.1,ev,0.17,8.5,veg,budget,2,2,shopping,0,0.0,1,public_transport,865.71
Delhi,54.3,car,14.5,102.0,cafe,budget,3,5,adventure,1,1619.61,1,public_transport,3255.79
Delhi,110.2,bike,40.4,102.0,cafe,budget,2,1,adventure,0,0.0,1,rental_vehicle,1057.24
Goa,110.7,ev,0.14,8.5,cafe,mid_range,3,2,shopping,1,1308.24,1,public_transport,2756.6
Bengaluru,186.9,car,15.2,102.0,veg,fine_dining,3,4,entertainment,0,0.0,1,personal_vehicle,4095.04
Kochi,151.0,car,19.5,102.0,fast_food,budget,3,1,cafe_hopping,0,0.0,1,taxi,2074.42
Jaipur,76.3,car,19.4,102.0,veg,mid_range,2,4,beach,1,1661.09,1,rental_vehicle,3643.58
Goa,162.5,bike,44.8,102.0,fast_food,mid_range,3,2,cafe_hopping,1,917.37,2,taxi,4042.94
Mumbai,163.5,scooter,54.8,102.0,non_veg,mid_range,4,4,shopping,0,0.0,2,rental_vehicle,4203.32
Bengaluru,54.6,car,12.2,102.0,local_cuisine,mid_range,2,1,adventure,0,0.0,1,public_transport,1444.29
Hyderabad,45.6,car,12.6,102.0,local_cuisine,mid_range,3,3,beach,1,3528.42,2,personal_vehicle,6500.77
Kochi,138.1,car,19.8,102.0,fast_food,mid_range,2,4,shopping,1,1503.48,3,personal_vehicle,5674.04
Kochi,24.8,car,16.8,102.0,cafe,fine_dining,2,5,adventure,0,0.0,2,personal_vehicle,4402.2
Chennai,165.7,car,21.8,102.0,cafe,budget,3,5,beach,1,2448.18,2,rental_vehicle,6064.2
Bengaluru,46.9,bike,40.1,102.0,veg,mid_range,2,5,shopping,0,0.0,1,personal_vehicle,1468.29
Mumbai,76.9,car,19.0,102.0,fast_food,fine_dining,2,2,sightseeing,0,0.0,2,taxi,4151.29
Kochi,100.9,car,18.3,102.0,cafe,budget,4,3,shopping,1,3790.59,1,personal_vehicle,5875.98
Kochi,77.6,car,20.2,102.0,local_cuisine,mid_range,3,1,shopping,1,3233.73,2,taxi,6559.8
Goa,121.4,ev,0.14,8.5,fast_food,mid_range,2,3,shopping,0,0.0,1,rental_vehicle,1474.86
Hyderabad,88.3,ev,0.17,8.5,veg,fine_dining,3,3,museum,0,0.0,1,taxi,3186.53
Kochi,66.6,bike,34.6,102.0,veg,budget,3,1,beach,1,1398.27,4,taxi,4493.55
Bengaluru,178.1,ev,0.11,8.5,veg,budget,2,5,museum,0,0.0,1,personal_vehicle,1255.46
Jaipur,74.4,scooter,47.5,102.0,fast_food,budget,3,3,cafe_hopping,0,0.0,3,rental_vehicle,3121.79
Bengaluru,59.7,bike,38.9,102.0,cafe,budget,4,3,sightseeing,0,0.0,1,taxi,1667.43
Hyderabad,147.8,bike,47.0,102.0,fast_food,fine_dining,3,4,museum,1,2450.04,1,rental_vehicle,5574.39
Jaipur,98.2,scooter,49.5,102.0,veg,budget,2,1,shopping,0,0.0,1,public_transport,864.61
Delhi,111.0,scooter,54.4,102.0,local_cuisine,mid_range,3,4,sightseeing,1,1733.04,1,rental_vehicle,3320.59
Goa,17.5,bike,37.2,102.0,cafe,mid_range,3,4,shopping,0,0.0,2,public_transport,3262.35
Hyderabad,148.9,scooter,52.8,102.0,fast_food,budget,3,5,beach,0,0.0,1,public_transport,1422.61
Goa,100.0,ev,0.16,8.5,local_cuisine,fine_dining,2,3,museum,0,0.0,1,rental_vehicle,2338.17
Jaipur,144.3,bike,32.4,102.0,fast_food,budget,3,5,museum,1,3406.04,4,personal_vehicle,8710.7
Kochi,142.3,scooter,47.9,102.0,non_veg,budget,3,1,entertainment,0,0.0,2,taxi,2036.16
Hyderabad,124.1,bike,44.1,102.0,cafe,mid_range,4,5,entertainment,1,3620.18,2,taxi,8216.46
Chennai,124.5,bike,38.2,102.0,non_veg,budget,3,2,museum,1,1487.37,1,taxi,2761.82
Jaipur,135.1,scooter,51.2,102.0,cafe,budget,2,4,cafe_hopping,0,0.0,1,rental_vehicle,1407.74
Kochi,73.9,car,12.4,102.0,veg,mid_range,2,3,shopping,1,2047.89,1,personal_vehicle,3827.47
Kochi,96.9,bike,38.6,102.0,local_cuisine,budget,3,2,entertainment,0,0.0,3,rental_vehicle,2889.66
Mumbai,160.5,bike,31.1,102.0,cafe,mid_range,3,1,museum,0,0.0,1,personal_vehicle,1709.03
Bengaluru,127.2,car,17.8,102.0,non_veg,budget,3,5,adventure,0,0.0,1,taxi,2343.35
Jaipur,143.2,ev,0.18,8.5,non_veg,mid_range,3,3,adventure,0,0.0,1,rental_vehicle,2096.79
Jaipur,31.5,scooter,53.7,102.0,cafe,budget,2,3,museum,0,0.0,2,rental_vehicle,1761.0
Mumbai,151.3,scooter,45.7,102.0,local_cuisine,budget,3,2,shopping,0,0.0,1,taxi,1529.81
Kochi,155.6,ev,0.12,8.5,cafe,mid_range,3,5,sightseeing,0,0.0,1,rental_vehicle,2238.31
Delhi,138.5,car,18.3,102.0,local_cuisine,mid_range,3,3,beach,1,949.24,1,taxi,3500.71
Jaipur,38.1,car,20.5,102.0,cafe,budget,3,5,cafe_hopping,0,0.0,2,personal_vehicle,2385.95
Chennai,26.5,ev,0.14,8.5,local_cuisine,budget,3,5,shopping,1,3580.27,4,taxi,8302.0
Bengaluru,79.0,scooter,46.4,102.0,cafe,budget,3,5,entertainment,0,0.0,2,rental_vehicle,2629.64
Kochi,63.7,ev,0.2,8.5,non_veg,budget,3,4,shopping,1,2407.76,3,rental_vehicle,5475.89
Mumbai,190.1,car,18.5,102.0,non_veg,mid_range,3,1,cafe_hopping,0,0.0,2,rental_vehicle,3528.99
Goa,77.4,ev,0.2,8.5,fast_food,mid_range,3,2,sightseeing,0,0.0,2,taxi,2953.26
Chennai,63.6,ev,0.15,8.5,non_veg,fine_dining,2,3,entertainment,0,0.0,4,taxi,8097.12
Jaipur,174.2,ev,0.19,8.5,local_cuisine,mid_range,3,1,adventure,1,4488.19,1,taxi,5802.04
Hyderabad,15.8,ev,0.19,8.5,non_veg,mid_range,3,4,museum,0,0.0,2,personal_vehicle,3100.89
Bengaluru,43.4,ev,0.13,8.5,local_cuisine,fine_dining,3,1,beach,0,0.0,1,rental_vehicle,2701.08
Jaipur,11.4,ev,0.15,8.5,cafe,budget,3,2,adventure,0,0.0,2,personal_vehicle,1662.85
Hyderabad,130.8,scooter,40.6,102.0,veg,budget,2,4,museum,1,2491.12,1,rental_vehicle,3869.28
Chennai,31.3,ev,0.19,8.5,cafe,mid_range,4,4,shopping,0,0.0,4,public_transport,7902.84
Hyderabad,20.9,scooter,47.6,102.0,local_cuisine,mid_range,3,5,museum,0,0.0,1,personal_vehicle,1644.89
Mumbai,86.9,bike,41.8,102.0,non_veg,mid_range,2,3,sightseeing,0,0.0,2,public_transport,2483.88
Goa,189.5,car,14.6,102.0,veg,fine_dining,2,2,entertainment,1,1137.91,1,rental_vehicle,4646.06
Mumbai,112.1,bike,30.5,102.0,non_veg,mid_range,3,1,museum,1,1863.79,2,personal_vehicle,4634.48
Goa,142.0,scooter,41.4,102.0,fast_food,mid_range,3,3,entertainment,0,0.0,3,taxi,4980.29
Delhi,55.5,ev,0.15,8.5,cafe,mid_range,3,5,beach,1,1493.77,2,rental_vehicle,5168.28
Bengaluru,170.5,ev,0.16,8.5,non_veg,mid_range,3,2,beach,0,0.0,4,rental_vehicle,6181.03
Hyderabad,83.9,ev,0.15,8.5,veg,fine_dining,3,3,entertainment,0,0.0,2,rental_vehicle,5063.45
Mumbai,42.9,car,14.7,102.0,local_cuisine,budget,2,1,sightseeing,1,977.28,4,taxi,3665.37
Bengaluru,11.3,ev,0.2,8.5,non_veg,mid_range,3,4,shopping,1,2298.9,1,public_transport,3815.38
Hyderabad,11.5,scooter,48.9,102.0,non_veg,budget,3,2,museum,0,0.0,1,rental_vehicle,1072.64
Kochi,191.1,car,12.7,102.0,cafe,budget,3,2,beach,0,0.0,2,taxi,3455.26
Bengaluru,11.4,bike,37.3,102.0,local_cuisine,fine_dining,3,4,sightseeing,0,0.0,2,public_transport,5172.31
Hyderabad,60.9,bike,45.6,102.0,local_cuisine,mid_range,2,1,beach,0,0.0,1,personal_vehicle,1020.36
Mumbai,155.6,car,13.4,102.0,fast_food,budget,3,5,beach,1,994.53,1,personal_vehicle,3308.25
Delhi,111.0,scooter,42.3,102.0,cafe,budget,3,2,entertainment,1,1444.38,2,taxi,3595.47
Mumbai,95.4,bike,36.2,102.0,veg,budget,3,2,shopping,0,0.0,2,public_transport,1930.91
Chennai,96.5,scooter,50.6,102.0,fast_food,mid_range,3,4,sightseeing,0,0.0,1,taxi,2293.25
Kochi,163.3,bike,30.7,102.0,cafe,fine_dining,3,2,cafe_hopping,0,0.0,2,rental_vehicle,5895.42
Hyderabad,41.0,scooter,48.8,102.0,non_veg,fine_dining,3,1,entertainment,1,2411.99,1,taxi,5078.51
Bengaluru,128.1,scooter,43.9,102.0,non_veg,fine_dining,2,5,cafe_hopping,1,4387.12,1,taxi,7241.63
Hyderabad,118.7,ev,0.13,8.5,cafe,budget,3,3,museum,1,891.18,2,public_transport,2868.23
Kochi,195.4,car,12.9,102.0,non_veg,fine_dining,3,3,cafe_hopping,0,0.0,2,public_transport,6369.39
Kochi,121.8,car,15.6,102.0,non_veg,budget,3,2,museum,1,2515.4,2,public_transport,4695.43
Kochi,187.0,car,21.7,102.0,veg,fine_dining,3,2,museum,1,3388.28,1,rental_vehicle,7246.94
Goa,75.2,car,18.6,102.0,veg,budget,2,5,cafe_hopping,0,0.0,3,public_transport,3415.12
Mumbai,36.1,bike,47.5,102.0,veg,mid_range,2,5,entertainment,1,892.44,2,taxi,4162.69
Bengaluru,125.1,scooter,45.1,102.0,veg,budget,3,5,adventure,0,0.0,1,rental_vehicle,1721.59
Chennai,169.7,ev,0.15,8.5,cafe,budget,3,3,museum,0,0.0,2,public_transport,2105.63
Delhi,120.3,car,18.9,102.0,non_veg,budget,3,3,shopping,0,0.0,2,personal_vehicle,2449.43
Bengaluru,45.0,scooter,44.9,102.0,cafe,budget,3,2,shopping,1,3794.02,2,taxi,5922.38
Hyderabad,190.6,ev,0.16,8.5,veg,mid_range,2,5,adventure,0,0.0,2,public_transport,2954.74
Delhi,19.1,bike,34.2,102.0,non_veg,mid_range,3,3,sightseeing,0,0.0,3,public_transport,4281.96
Chennai,76.6,bike,45.1,102.0,fast_food,fine_dining,4,5,shopping,0,0.0,4,personal_vehicle,14717.36
Mumbai,97.0,ev,0.13,8.5,non_veg,budget,4,2,sightseeing,1,1625.42,2,personal_vehicle,3376.09
Delhi,46.1,bike,36.0,102.0,fast_food,budget,2,1,cafe_hopping,0,0.0,1,personal_vehicle,695.56
Goa,132.3,ev,0.18,8.5,local_cuisine,budget,4,5,shopping,0,0.0,2,rental_vehicle,2939.3
Bengaluru,138.7,ev,0.11,8.5,cafe,budget,3,4,cafe_hopping,0,0.0,1,personal_vehicle,1233.92
Kochi,98.7,bike,49.7,102.0,non_veg,budget,3,3,sightseeing,1,4167.73,1,taxi,5480.69
Jaipur,91.7,car,12.8,102.0,cafe,mid_range,4,2,entertainment,0,0.0,3,personal_vehicle,5532.66
Bengaluru,60.9,bike,30.1,102.0,non_veg,mid_range,3,2,museum,1,1908.36,1,personal_vehicle,3782.55
Delhi,180.6,car,18.5,102.0,fast_food,fine_dining,2,5,shopping,1,1797.63,3,personal_vehicle,9776.4
Delhi,184.0,ev,0.18,8.5,cafe,budget,4,1,shopping,0,0.0,1,rental_vehicle,1306.38
Bengaluru,61.6,car,14.0,102.0,cafe,budget,3,3,adventure,0,0.0,2,public_transport,2316.98
Chennai,135.0,car,17.8,102.0,non_veg,budget,3,5,shopping,0,0.0,2,taxi,3449.68
Mumbai,78.6,scooter,49.6,102.0,fast_food,fine_dining,3,5,adventure,1,3003.03,3,personal_vehicle,11160.61
Bengaluru,89.3,bike,42.5,102.0,local_cuisine,budget,3,3,adventure,0,0.0,2,taxi,2515.75
Kochi,106.1,bike,49.2,102.0,fast_food,fine_dining,3,5,entertainment,1,1332.34,1,taxi,4567.34
Mumbai,108.4,scooter,51.3,102.0,local_cuisine,mid_range,3,3,sightseeing,0,0.0,3,rental_vehicle,5101.06
Goa,50.0,bike,38.8,102.0,cafe,mid_range,3,5,beach,1,2457.92,1,rental_vehicle,4511.88
Goa,102.3,scooter,44.4,102.0,non_veg,mid_range,3,3,sightseeing,0,0.0,1,public_transport,1866.99
Kochi,56.7,scooter,52.5,102.0,non_veg,mid_range,3,3,cafe_hopping,0,0.0,1,personal_vehicle,1522.61
Jaipur,67.5,bike,33.3,102.0,non_veg,fine_dining,4,2,shopping,0,0.0,1,rental_vehicle,3899.91
Goa,172.5,car,14.9,102.0,veg,mid_range,3,1,beach,1,4368.61,1,taxi,7327.05
Hyderabad,88.4,ev,0.11,8.5,non_veg,budget,3,3,adventure,1,3333.48,1,public_transport,4601.03
Goa,63.4,ev,0.12,8.5,veg,budget,3,3,shopping,0,0.0,4,public_transport,3740.15
Mumbai,133.5,ev,0.16,8.5,veg,budget,3,2,sightseeing,1,1295.89,1,public_transport,2372.88
Bengaluru,36.5,car,19.7,102.0,local_cuisine,budget,3,3,shopping,1,3854.48,2,taxi,6387.41
Jaipur,64.9,car,13.8,102.0,fast_food,budget,3,1,cafe_hopping,1,862.79,4,public_transport,4109.77
Mumbai,37.2,scooter,50.5,102.0,fast_food,fine_dining,3,5,shopping,0,0.0,2,personal_vehicle,5921.19
Delhi,140.0,scooter,51.5,102.0,non_veg,mid_range,2,1,sightseeing,0,0.0,3,taxi,3332.21
Goa,39.9,car,18.4,102.0,cafe,mid_range,3,1,cafe_hopping,0,0.0,2,taxi,2611.56
Kochi,174.6,ev,0.15,8.5,local_cuisine,mid_range,3,5,museum,0,0.0,4,taxi,7299.99
Goa,155.3,ev,0.19,8.5,veg,budget,2,2,museum,1,4140.61,2,personal_vehicle,5430.77
Chennai,155.0,scooter,41.9,102.0,local_cuisine,mid_range,2,3,shopping,1,3607.81,1,personal_vehicle,5272.52
Chennai,164.8,bike,39.5,102.0,fast_food,fine_dining,3,4,adventure,1,2624.04,1,public_transport,5706.58
Goa,86.7,bike,48.7,102.0,veg,fine_dining,4,5,shopping,0,0.0,1,rental_vehicle,3906.28
Goa,190.4,car,19.8,102.0,cafe,mid_range,3,3,shopping,0,0.0,1,public_transport,2531.16
Delhi,62.8,ev,0.12,8.5,fast_food,mid_range,3,4,museum,0,0.0,1,rental_vehicle,1849.8
Hyderabad,74.4,bike,48.9,102.0,cafe,mid_range,2,2,sightseeing,0,0.0,3,rental_vehicle,3307.69
Mumbai,182.1,scooter,44.0,102.0,local_cuisine,budget,2,5,cafe_hopping,1,2192.16,4,rental_vehicle,7211.53
Kochi,61.3,scooter,47.4,102.0,fast_food,fine_dining,3,2,adventure,0,0.0,1,public_transport,2768.4
Chennai,159.5,ev,0.17,8.5,fast_food,budget,3,5,museum,1,2796.75,1,rental_vehicle,4359.97
Delhi,29.4,ev,0.17,8.5,fast_food,mid_range,3,2,entertainment,1,1236.62,2,rental_vehicle,3695.58
Mumbai,198.8,car,17.8,102.0,local_cuisine,budget,3,4,entertainment,0,0.0,2,public_transport,3613.54
Hyderabad,35.9,scooter,47.4,102.0,local_cuisine,budget,3,5,museum,0,0.0,1,personal_vehicle,1293.16
Jaipur,37.0,bike,39.2,102.0,veg,budget,3,2,adventure,0,0.0,2,taxi,1961.47
Delhi,47.6,scooter,50.8,102.0,cafe,budget,2,4,adventure,0,0.0,3,rental_vehicle,2900.09
Mumbai,37.7,bike,32.0,102.0,non_veg,fine_dining,2,1,shopping,1,1574.43,1,taxi,3678.32
Hyderabad,86.5,scooter,47.8,102.0,non_veg,budget,4,4,entertainment,0,0.0,1,taxi,1814.57
Jaipur,86.2,car,21.3,102.0,veg,mid_range,2,2,sightseeing,1,2137.95,1,public_transport,3658.57
Kochi,82.1,car,18.3,102.0,non_veg,fine_dining,2,4,sightseeing,0,0.0,4,public_transport,7640.38
Bengaluru,170.2,ev,0.14,8.5,fast_food,budget,3,2,shopping,1,2651.07,1,personal_vehicle,3697.18
Goa,45.6,bike,44.4,102.0,local_cuisine,mid_range,3,3,shopping,0,0.0,2,public_transport,3054.18
Kochi,50.9,scooter,47.1,102.0,fast_food,budget,3,2,beach,1,1160.29,1,personal_vehicle,2160.04
Mumbai,76.5,bike,43.3,102.0,cafe,mid_range,3,5,adventure,0,0.0,3,taxi,5868.42
Goa,154.8,car,15.8,102.0,cafe,budget,3,2,shopping,0,0.0,2,rental_vehicle,2850.61
Hyderabad,146.4,scooter,53.0,102.0,veg,budget,3,2,adventure,0,0.0,2,public_transport,2060.49
Kochi,117.5,bike,37.5,102.0,non_veg,mid_range,3,1,sightseeing,0,0.0,2,taxi,3069.62
Jaipur,62.7,ev,0.12,8.5,cafe,mid_range,3,2,adventure,1,2685.18,2,personal_vehicle,5054.59
Chennai,190.6,car,18.8,102.0,non_veg,budget,2,3,adventure,0,0.0,2,rental_vehicle,2575.39
Kochi,151.5,ev,0.14,8.5,local_cuisine,fine_dining,3,3,museum,1,3151.08,3,taxi,11332.31
Mumbai,142.6,scooter,50.6,102.0,fast_food,budget,2,3,cafe_hopping,1,2453.1,1,personal_vehicle,3504.16
Chennai,184.7,bike,43.5,102.0,local_cuisine,mid_range,4,2,museum,1,1750.58,3,public_transport,7127.65
Delhi,184.0,bike,36.8,102.0,fast_food,mid_range,3,5,cafe_hopping,1,998.68,1,personal_vehicle,3056.19
Delhi,141.1,car,14.5,102.0,fast_food,fine_dining,3,2,adventure,0,0.0,1,public_transport,3376.97
Delhi,62.8,scooter,52.7,102.0,local_cuisine,fine_dining,3,3,adventure,0,0.0,3,personal_vehicle,7964.32
Goa,178.8,ev,0.1,8.5,cafe,budget,3,4,beach,1,2265.4,1,rental_vehicle,3737.17
Hyderabad,154.8,ev,0.13,8.5,local_cuisine,mid_range,2,1,adventure,1,2232.81,2,rental_vehicle,4439.93
Bengaluru,44.4,car,21.4,102.0,veg,mid_range,3,3,beach,0,0.0,1,public_transport,1737.84
Kochi,14.0,car,18.6,102.0,cafe,mid_range,4,1,cafe_hopping,0,0.0,2,rental_vehicle,3418.46
Hyderabad,28.0,scooter,44.8,102.0,veg,mid_range,3,4,shopping,1,3357.09,3,public_transport,8382.77
Bengaluru,171.9,car,12.7,102.0,fast_food,fine_dining,3,2,entertainment,1,4385.09,2,rental_vehicle,10633.98
Delhi,108.3,ev,0.15,8.5,local_cuisine,budget,3,2,museum,1,837.17,1,taxi,2160.27
Mumbai,90.6,bike,35.5,102.0,cafe,budget,3,1,sightseeing,1,1283.35,1,personal_vehicle,2104.89
Hyderabad,52.1,bike,49.3,102.0,veg,fine_dining,3,1,beach,1,1861.04,2,personal_vehicle,6774.96
Hyderabad,49.3,bike,46.9,102.0,fast_food,mid_range,3,5,cafe_hopping,1,4428.82,1,public_transport,6487.88
Delhi,50.2,scooter,54.4,102.0,cafe,fine_dining,3,4,entertainment,0,0.0,1,personal_vehicle,2926.69
Goa,72.0,scooter,41.1,102.0,fast_food,mid_range,3,2,entertainment,1,4391.05,2,personal_vehicle,7255.4
Delhi,108.6,bike,31.7,102.0,veg,mid_range,2,4,entertainment,0,0.0,2,taxi,3058.22
Chennai,145.5,car,17.5,102.0,cafe,budget,3,1,adventure,1,2292.45,2,taxi,4709.59
Delhi,165.6,bike,41.2,102.0,cafe,budget,3,4,sightseeing,0,0.0,3,personal_vehicle,3526.94
Goa,118.1,bike,43.2,102.0,non_veg,mid_range,2,2,adventure,0,0.0,1,personal_vehicle,1278.65
Jaipur,46.3,car,15.6,102.0,fast_food,budget,3,3,cafe_hopping,0,0.0,1,personal_vehicle,1256.61
Jaipur,123.3,ev,0.12,8.5,veg,mid_range,2,3,beach,0,0.0,4,public_transport,4772.95
Hyderabad,175.2,scooter,49.1,102.0,cafe,budget,2,1,sightseeing,0,0.0,2,public_transport,1498.34
Kochi,102.2,scooter,51.5,102.0,local_cuisine,budget,2,4,shopping,1,2421.01,3,public_transport,4932.82
Chennai,186.7,bike,42.8,102.0,veg,fine_dining,3,1,shopping,0,0.0,2,public_transport,5495.53
Goa,60.9,car,14.6,102.0,local_cuisine,fine_dining,3,2,shopping,0,0.0,3,taxi,8414.75
Chennai,43.9,ev,0.16,8.5,fast_food,budget,3,2,museum,0,0.0,2,personal_vehicle,1659.76
Jaipur,179.8,ev,0.11,8.5,local_cuisine,mid_range,2,1,adventure,1,954.08,3,public_transport,3966.83
Jaipur,125.4,bike,35.1,102.0,non_veg,budget,3,1,sightseeing,1,865.29,2,personal_vehicle,2683.6
Delhi,161.8,scooter,43.3,102.0,non_veg,mid_range,3,2,entertainment,0,0.0,2,rental_vehicle,2962.36
Bengaluru,67.9,ev,0.17,8.5,local_cuisine,budget,3,1,sightseeing,1,2816.81,2,taxi,4650.48
Goa,144.7,ev,0.11,8.5,veg,budget,3,5,sightseeing,1,4088.76,2,personal_vehicle,6013.88
Chennai,119.3,scooter,45.1,102.0,cafe,mid_range,3,4,beach,0,0.0,4,taxi,6951.69
Jaipur,189.3,scooter,53.3,102.0,non_veg,budget,3,1,beach,1,3957.82,2,rental_vehicle,5688.84
Jaipur,92.4,car,21.9,102.0,veg,mid_range,2,1,cafe_hopping,0,0.0,1,personal_vehicle,1317.8
Bengaluru,199.8,ev,0.11,8.5,veg,budget,2,2,sightseeing,0,0.0,2,taxi,1835.2
Delhi,126.0,ev,0.13,8.5,cafe,fine_dining,3,4,entertainment,0,0.0,2,personal_vehicle,5726.76
Hyderabad,77.5,car,17.5,102.0,local_cuisine,budget,3,1,shopping,1,3947.15,2,personal_vehicle,5395.36
Bengaluru,67.7,bike,32.1,102.0,cafe,mid_range,3,5,entertainment,0,0.0,1,rental_vehicle,2105.05
Mumbai,111.7,ev,0.18,8.5,veg,mid_range,3,3,shopping,1,992.67,1,taxi,2944.46
Goa,100.7,bike,31.1,102.0,local_cuisine,fine_dining,3,1,adventure,0,0.0,2,public_transport,5202.37
Bengaluru,164.1,scooter,47.8,102.0,local_cuisine,fine_dining,3,2,museum,0,0.0,1,rental_vehicle,3140.06
Kochi,79.0,car,15.7,102.0,fast_food,mid_range,3,4,museum,0,0.0,2,rental_vehicle,3788.66
Delhi,106.4,scooter,41.1,102.0,non_veg,mid_range,3,3,museum,1,1196.81,2,taxi,4456.49
Kochi,198.5,car,18.3,102.0,non_veg,budget,3,2,shopping,0,0.0,1,personal_vehicle,1857.45
Chennai,192.0,car,16.3,102.0,cafe,budget,3,3,sightseeing,0,0.0,1,rental_vehicle,2258.33
Goa,143.8,bike,45.3,102.0,veg,budget,3,2,cafe_hopping,1,1565.43,1,taxi,3340.46
Chennai,181.1,scooter,52.5,102.0,non_veg,mid_range,2,2,shopping,0,0.0,1,public_transport,1398.96
Jaipur,47.9,ev,0.16,8.5,fast_food,budget,2,1,beach,1,3950.51,1,personal_vehicle,4623.89
Kochi,42.8,ev,0.17,8.5,local_cuisine,mid_range,3,4,entertainment,0,0.0,2,taxi,3626.8
Mumbai,17.5,bike,37.6,102.0,veg,mid_range,3,2,museum,0,0.0,1,taxi,1744.92
Bengaluru,118.2,scooter,47.5,102.0,cafe,mid_range,3,5,beach,0,0.0,1,taxi,2374.87
Kochi,37.9,scooter,53.2,102.0,non_veg,budget,4,4,entertainment,0,0.0,3,rental_vehicle,4165.47
Hyderabad,81.3,bike,40.6,102.0,veg,fine_dining,4,2,cafe_hopping,0,0.0,2,rental_vehicle,6855.63
Chennai,171.6,car,16.7,102.0,local_cuisine,budget,3,1,adventure,0,0.0,1,rental_vehicle,2008.39
Chennai,137.7,scooter,48.0,102.0,veg,mid_range,3,5,cafe_hopping,0,0.0,3,rental_vehicle,5659.29
Goa,172.4,bike,34.8,102.0,fast_food,budget,4,2,cafe_hopping,1,4172.83,1,public_transport,5863.15
Mumbai,167.9,car,18.9,102.0,cafe,budget,3,4,adventure,0,0.0,1,rental_vehicle,2082.68
Chennai,63.1,scooter,50.6,102.0,fast_food,fine_dining,3,4,entertainment,0,0.0,2,rental_vehicle,5537.59
Mumbai,160.6,ev,0.14,8.5,fast_food,mid_range,3,4,entertainment,1,1851.87,2,personal_vehicle,5400.02
Jaipur,94.7,ev,0.19,8.5,local_cuisine,budget,3,1,beach,0,0.0,2,personal_vehicle,1632.51
Chennai,161.1,bike,39.7,102.0,cafe,mid_range,4,1,adventure,0,0.0,3,rental_vehicle,5011.18
Kochi,115.6,scooter,53.7,102.0,non_veg,budget,3,5,cafe_hopping,1,926.9,1,public_transport,2380.39
Goa,92.2,ev,0.2,8.5,cafe,mid_range,2,1,sightseeing,0,0.0,1,taxi,1462.35
Goa,87.3,bike,39.7,102.0,local_cuisine,budget,3,3,entertainment,0,0.0,1,public_transport,1177.68
Delhi,68.8,bike,46.7,102.0,non_veg,mid_range,3,4,museum,1,4485.81,1,public_transport,6351.84
Hyderabad,102.3,bike,34.9,102.0,cafe,mid_range,3,3,shopping,1,1386.27,2,taxi,5055.19
Hyderabad,156.8,ev,0.15,8.5,fast_food,mid_range,3,1,sightseeing,0,0.0,4,public_transport,5353.22
Bengaluru,97.6,scooter,47.9,102.0,non_veg,fine_dining,2,1,museum,1,3227.95,1,public_transport,5177.83
Mumbai,129.0,ev,0.12,8.5,cafe,budget,3,3,sightseeing,0,0.0,1,rental_vehicle,1285.84
Goa,121.0,car,17.2,102.0,local_cuisine,budget,3,2,shopping,1,3387.46,2,public_transport,5545.36
Kochi,59.9,ev,0.19,8.5,fast_food,fine_dining,3,3,shopping,0,0.0,1,taxi,3096.05
Kochi,156.4,ev,0.14,8.5,cafe,budget,3,5,entertainment,1,1643.97,4,public_transport,6434.02
Kochi,125.0,car,13.1,102.0,non_veg,mid_range,2,3,cafe_hopping,0,0.0,1,public_transport,2130.31
Goa,60.4,car,15.7,102.0,non_veg,fine_dining,2,1,sightseeing,0,0.0,1,public_transport,1948.74
Bengaluru,189.3,scooter,42.6,102.0,cafe,mid_range,2,4,entertainment,0,0.0,2,taxi,3112.57
Hyderabad,183.3,bike,49.5,102.0,cafe,budget,3,4,museum,1,1207.07,4,rental_vehicle,5773.48
Hyderabad,18.8,bike,47.8,102.0,local_cuisine,mid_range,3,2,sightseeing,0,0.0,3,taxi,4359.18
Goa,32.8,scooter,50.4,102.0,cafe,budget,3,2,sightseeing,1,3957.56,4,rental_vehicle,7490.3
Mumbai,114.9,ev,0.2,8.5,non_veg,mid_range,3,3,entertainment,0,0.0,2,personal_vehicle,3163.54
Kochi,163.1,scooter,41.2,102.0,fast_food,budget,3,2,museum,0,0.0,1,taxi,1590.22
Bengaluru,135.4,bike,31.9,102.0,veg,fine_dining,3,1,shopping,0,0.0,3,personal_vehicle,7329.04
Hyderabad,166.7,bike,40.9,102.0,veg,fine_dining,3,5,adventure,0,0.0,1,taxi,3745.07
Mumbai,102.6,bike,49.3,102.0,veg,budget,3,4,museum,1,950.17,4,public_transport,5404.94
Mumbai,66.5,ev,0.14,8.5,cafe,fine_dining,3,3,cafe_hopping,0,0.0,2,taxi,5623.15
Chennai,70.9,bike,34.9,102.0,veg,mid_range,3,3,entertainment,1,3247.89,1,taxi,5207.83
Kochi,119.5,ev,0.19,8.5,cafe,budget,2,5,shopping,1,4211.35,1,personal_vehicle,5602.43
Delhi,167.6,car,16.9,102.0,cafe,budget,2,5,entertainment,1,2859.72,2,public_transport,5963.5
Delhi,40.8,bike,33.4,102.0,local_cuisine,mid_range,2,2,adventure,1,1666.54,1,taxi,3320.46
Chennai,149.0,bike,39.9,102.0,cafe,mid_range,2,3,shopping,0,0.0,1,rental_vehicle,1740.37
Bengaluru,66.7,bike,31.6,102.0,fast_food,budget,3,1,entertainment,0,0.0,1,rental_vehicle,1147.61
Bengaluru,71.8,bike,47.9,102.0,fast_food,budget,3,5,adventure,0,0.0,2,personal_vehicle,2619.09
Mumbai,164.4,bike,47.9,102.0,fast_food,budget,2,4,cafe_hopping,0,0.0,2,public_transport,2248.09
Bengaluru,73.2,bike,41.9,102.0,non_veg,mid_range,3,1,museum,0,0.0,2,public_transport,2502.41
Delhi,66.8,bike,31.7,102.0,non_veg,mid_range,3,4,shopping,1,1349.39,2,public_transport,4667.45
Hyderabad,178.7,car,14.9,102.0,fast_food,budget,3,3,beach,1,2725.69,3,personal_vehicle,6559.05
Chennai,16.7,bike,42.8,102.0,local_cuisine,mid_range,3,1,adventure,1,3916.77,2,taxi,6496.96
Jaipur,179.6,scooter,44.0,102.0,fast_food,fine_dining,4,4,entertainment,0,0.0,1,public_transport,3926.16
Kochi,101.1,scooter,49.2,102.0,fast_food,budget,3,5,adventure,1,3207.92,2,personal_vehicle,5540.58
Hyderabad,175.5,bike,41.7,102.0,veg,mid_range,3,2,sightseeing,1,2452.94,1,rental_vehicle,4210.2
Chennai,93.5,car,19.2,102.0,cafe,mid_range,3,5,entertainment,1,4253.32,3,personal_vehicle,10092.16
Bengaluru,50.4,bike,31.5,102.0,cafe,fine_dining,4,4,beach,1,1262.83,1,rental_vehicle,4677.14
Bengaluru,189.8,ev,0.13,8.5,non_veg,mid_range,2,5,museum,0,0.0,1,public_transport,1491.94
Bengaluru,55.5,scooter,51.8,102.0,local_cuisine,budget,3,3,shopping,0,0.0,2,personal_vehicle,1967.23
Bengaluru,114.0,bike,38.6,102.0,cafe,budget,3,3,sightseeing,1,3394.79,2,taxi,6006.82
Chennai,46.5,scooter,51.6,102.0,local_cuisine,fine_dining,2,1,beach,0,0.0,4,taxi,7077.61
Mumbai,30.0,scooter,46.1,102.0,local_cuisine,fine_dining,3,5,museum,1,2807.53,1,taxi,6220.4
Mumbai,129.9,car,19.2,102.0,cafe,fine_dining,4,1,adventure,1,1148.02,4,taxi,14773.54
Kochi,144.3,ev,0.1,8.5,local_cuisine,mid_range,3,3,beach,1,2173.09,2,personal_vehicle,5205.3
Chennai,82.8,ev,0.17,8.5,fast_food,mid_range,3,1,cafe_hopping,0,0.0,3,personal_vehicle,3555.86
Bengaluru,178.5,scooter,43.1,102.0,fast_food,budget,3,3,shopping,1,1956.41,4,personal_vehicle,5819.94
Goa,177.4,bike,34.2,102.0,fast_food,budget,3,3,beach,1,987.21,4,public_transport,5353.45
Chennai,46.0,ev,0.16,8.5,veg,mid_range,3,2,beach,0,0.0,1,personal_vehicle,1408.3
Chennai,110.2,scooter,54.8,102.0,fast_food,budget,3,5,museum,0,0.0,1,personal_vehicle,1498.36
Jaipur,73.2,scooter,45.3,102.0,cafe,budget,3,4,sightseeing,0,0.0,2,taxi,2762.0
Chennai,153.1,ev,0.11,8.5,cafe,budget,3,5,museum,0,0.0,1,personal_vehicle,1358.74
Mumbai,132.1,scooter,52.5,102.0,cafe,budget,3,5,cafe_hopping,1,2752.9,2,rental_vehicle,5568.24
Jaipur,24.0,car,21.3,102.0,fast_food,mid_range,3,3,museum,0,0.0,1,public_transport,1663.13
Chennai,128.0,ev,0.18,8.5,non_veg,mid_range,2,3,beach,0,0.0,1,public_transport,1469.8
Delhi,60.3,bike,49.9,102.0,cafe,budget,3,4,cafe_hopping,0,0.0,2,taxi,2503.61
Kochi,112.1,car,12.9,102.0,cafe,budget,3,2,cafe_hopping,1,1626.04,4,personal_vehicle,5607.81
Delhi,186.9,ev,0.11,8.5,cafe,fine_dining,2,3,sightseeing,1,2806.83,2,taxi,7146.22
Mumbai,10.2,scooter,45.1,102.0,cafe,fine_dining,3,4,adventure,0,0.0,2,taxi,5575.95
Goa,81.7,scooter,42.6,102.0,local_cuisine,budget,4,4,sightseeing,0,0.0,3,public_transport,3977.84
Delhi,108.7,scooter,51.2,102.0,veg,fine_dining,3,4,cafe_hopping,0,0.0,2,public_transport,5871.56
Chennai,110.3,scooter,45.7,102.0,veg,mid_range,3,5,adventure,0,0.0,1,rental_vehicle,2265.85
Mumbai,14.9,car,18.3,102.0,fast_food,mid_range,4,4,sightseeing,1,1861.22,1,public_transport,3976.05
Jaipur,139.0,car,17.5,102.0,local_cuisine,fine_dining,3,3,beach,0,0.0,1,rental_vehicle,3588.3
Hyderabad,139.4,car,14.6,102.0,cafe,fine_dining,3,4,museum,0,0.0,2,rental_vehicle,6905.35
Bengaluru,52.4,bike,42.3,102.0,non_veg,mid_range,3,5,entertainment,0,0.0,4,personal_vehicle,6822.59
Mumbai,117.7,ev,0.2,8.5,non_veg,mid_range,3,5,entertainment,1,4293.15,1,personal_vehicle,5836.68
Delhi,88.6,ev,0.1,8.5,cafe,budget,3,5,adventure,1,2217.36,3,rental_vehicle,5590.61
Mumbai,93.5,car,13.3,102.0,cafe,mid_range,3,2,cafe_hopping,1,1237.94,2,public_transport,4510.09
Mumbai,35.7,scooter,46.2,102.0,cafe,mid_range,3,2,cafe_hopping,0,0.0,1,taxi,1846.95
Chennai,70.1,ev,0.12,8.5,non_veg,budget,3,2,entertainment,1,2016.46,2,public_transport,4056.02
Delhi,52.6,bike,30.9,102.0,non_veg,mid_range,3,4,entertainment,0,0.0,3,taxi,5314.65
Hyderabad,84.9,car,16.8,102.0,veg,mid_range,3,4,museum,0,0.0,3,personal_vehicle,5175.47
Jaipur,178.1,scooter,44.9,102.0,fast_food,budget,3,4,sightseeing,1,1282.3,2,public_transport,3862.19
Delhi,103.5,car,18.7,102.0,fast_food,mid_range,2,1,sightseeing,0,0.0,2,public_transport,2570.69
Kochi,133.1,ev,0.2,8.5,local_cuisine,budget,3,3,sightseeing,0,0.0,2,taxi,2405.9
Chennai,28.0,ev,0.18,8.5,cafe,fine_dining,2,1,cafe_hopping,0,0.0,1,personal_vehicle,1686.37
Hyderabad,117.0,scooter,53.5,102.0,veg,budget,4,5,adventure,1,3722.12,2,rental_vehicle,6195.77
Delhi,42.6,scooter,49.0,102.0,fast_food,mid_range,4,4,cafe_hopping,0,0.0,1,public_transport,1903.07
Hyderabad,99.0,bike,32.6,102.0,cafe,mid_range,3,3,shopping,0,0.0,1,personal_vehicle,1819.66
Kochi,13.6,scooter,47.7,102.0,cafe,budget,3,1,shopping,0,0.0,3,personal_vehicle,2144.67
Goa,68.8,ev,0.18,8.5,cafe,mid_range,3,5,cafe_hopping,1,1645.18,1,rental_vehicle,3510.94
Bengaluru,32.2,scooter,49.4,102.0,fast_food,mid_range,4,4,sightseeing,1,3342.95,1,rental_vehicle,5473.42
Delhi,153.7,bike,31.8,102.0,fast_food,budget,3,1,museum,0,0.0,2,taxi,2155.28
Hyderabad,67.1,scooter,49.3,102.0,non_veg,mid_range,3,3,beach,0,0.0,1,public_transport,1717.23
Jaipur,157.5,car,20.1,102.0,local_cuisine,mid_range,3,5,sightseeing,1,1166.18,1,public_transport,3654.4
Kochi,75.8,ev,0.11,8.5,veg,budget,2,3,beach,1,3781.43,1,personal_vehicle,4635.51
Goa,183.2,car,20.0,102.0,veg,budget,2,5,sightseeing,0,0.0,3,taxi,4305.7
Delhi,92.4,car,13.7,102.0,cafe,budget,2,1,sightseeing,0,0.0,1,public_transport,1369.01
Jaipur,72.9,bike,35.0,102.0,non_veg,mid_range,3,2,museum,1,2137.42,2,rental_vehicle,5080.11
Delhi,179.7,ev,0.17,8.5,veg,mid_range,3,4,adventure,1,2440.29,2,rental_vehicle,5933.55
Mumbai,25.8,bike,45.0,102.0,veg,budget,3,4,adventure,0,0.0,4,taxi,4429.69
Hyderabad,192.8,bike,39.9,102.0,non_veg,mid_range,3,2,adventure,1,3254.44,1,public_transport,4949.85
Mumbai,42.6,bike,45.9,102.0,cafe,mid_range,4,4,sightseeing,0,0.0,1,public_transport,2125.05
Bengaluru,169.4,ev,0.12,8.5,veg,mid_range,3,5,beach,1,1035.08,1,personal_vehicle,2821.31
Goa,32.9,scooter,46.0,102.0,non_veg,budget,4,2,adventure,0,0.0,4,public_transport,4170.92
Hyderabad,57.9,car,18.7,102.0,local_cuisine,budget,4,3,beach,0,0.0,3,rental_vehicle,3948.51
Jaipur,101.2,bike,38.4,102.0,veg,fine_dining,2,3,adventure,0,0.0,1,taxi,2481.62
Delhi,162.5,ev,0.12,8.5,local_cuisine,fine_dining,4,1,entertainment,0,0.0,1,public_transport,3165.68
Hyderabad,48.9,bike,40.4,102.0,non_veg,budget,2,2,museum,0,0.0,1,rental_vehicle,994.76
Goa,154.0,bike,35.8,102.0,fast_food,mid_range,2,1,shopping,0,0.0,1,rental_vehicle,1513.82
Hyderabad,98.8,car,13.6,102.0,local_cuisine,fine_dining,4,5,beach,1,2157.89,1,public_transport,6382.89
Bengaluru,195.9,bike,44.7,102.0,non_veg,mid_range,2,5,entertainment,0,0.0,1,personal_vehicle,1771.91
Kochi,90.4,ev,0.12,8.5,cafe,mid_range,3,5,entertainment,1,1176.49,1,public_transport,2968.67
Chennai,72.3,ev,0.1,8.5,cafe,mid_range,3,3,museum,1,950.21,1,public_transport,2618.7
Goa,44.3,car,18.1,102.0,cafe,budget,2,2,beach,0,0.0,3,public_transport,2226.43
Bengaluru,134.9,ev,0.15,8.5,veg,mid_range,3,3,cafe_hopping,0,0.0,3,taxi,4845.21
Hyderabad,36.8,bike,30.5,102.0,cafe,budget,2,3,cafe_hopping,1,3748.34,1,personal_vehicle,4999.83
Bengaluru,137.7,ev,0.15,8.5,non_veg,mid_range,3,5,museum,1,3913.33,2,taxi,7504.05
Jaipur,159.8,bike,40.3,102.0,cafe,budget,3,3,entertainment,1,3736.44,2,public_transport,6200.9
Bengaluru,131.6,scooter,49.1,102.0,non_veg,fine_dining,3,1,entertainment,0,0.0,1,taxi,3040.97
Goa,113.3,bike,31.3,102.0,fast_food,mid_range,3,5,beach,1,1210.68,1,personal_vehicle,3191.54
Kochi,34.1,scooter,51.8,102.0,local_cuisine,fine_dining,3,2,museum,1,3839.84,2,public_transport,9086.21
Bengaluru,132.9,scooter,54.4,102.0,local_cuisine,fine_dining,3,4,adventure,0,0.0,3,personal_vehicle,8467.34
Kochi,110.3,bike,46.3,102.0,veg,budget,2,5,museum,1,3207.97,4,personal_vehicle,7236.93
Chennai,100.5,car,16.0,102.0,non_veg,mid_range,3,2,entertainment,0,0.0,2,taxi,3679.89
Mumbai,107.8,bike,41.7,102.0,local_cuisine,mid_range,3,4,beach,0,0.0,2,public_transport,3168.51
Jaipur,173.1,car,15.7,102.0,non_veg,mid_range,3,5,beach,1,2368.54,1,taxi,5779.2
Kochi,109.4,ev,0.2,8.5,fast_food,mid_range,2,4,cafe_hopping,1,2911.53,2,public_transport,5503.51
Delhi,53.3,car,16.2,102.0,non_veg,budget,2,5,museum,0,0.0,1,public_transport,1285.25
Kochi,121.7,ev,0.13,8.5,local_cuisine,budget,3,3,beach,0,0.0,1,personal_vehicle,1097.22
Bengaluru,44.1,scooter,43.9,102.0,veg,mid_range,3,1,cafe_hopping,1,4196.64,4,public_transport,8861.46
Chennai,47.6,ev,0.2,8.5,cafe,fine_dining,4,1,adventure,1,4483.74,1,public_transport,7943.38
Mumbai,12.9,bike,30.5,102.0,local_cuisine,budget,4,3,museum,1,2733.52,2,public_transport,4666.01
Hyderabad,84.5,bike,35.0,102.0,veg,mid_range,3,3,beach,0,0.0,2,personal_vehicle,3054.34
Delhi,161.9,bike,39.4,102.0,cafe,fine_dining,3,2,beach,0,0.0,1,personal_vehicle,2845.16
Chennai,175.1,car,15.1,102.0,non_veg,mid_range,3,5,sightseeing,0,0.0,4,personal_vehicle,8229.98
Hyderabad,70.7,ev,0.14,8.5,cafe,fine_dining,3,5,museum,0,0.0,1,personal_vehicle,2916.28
Jaipur,91.0,scooter,47.3,102.0,veg,mid_range,3,5,sightseeing,1,866.72,2,personal_vehicle,4231.35
Delhi,35.9,ev,0.2,8.5,non_veg,fine_dining,3,5,adventure,1,3238.88,1,rental_vehicle,6413.81
Goa,162.6,scooter,52.7,102.0,cafe,budget,4,5,entertainment,1,2328.82,1,taxi,4000.79
Delhi,156.7,bike,43.3,102.0,local_cuisine,fine_dining,3,4,entertainment,0,0.0,1,taxi,3568.75
Jaipur,69.8,car,14.7,102.0,veg,budget,3,2,adventure,1,1058.49,2,rental_vehicle,3200.44
Delhi,61.3,car,15.1,102.0,local_cuisine,budget,3,2,sightseeing,1,2790.3,1,taxi,4568.05
Mumbai,150.0,ev,0.19,8.5,fast_food,budget,4,1,sightseeing,0,0.0,1,public_transport,1217.66
Hyderabad,166.4,ev,0.15,8.5,fast_food,budget,3,4,sightseeing,0,0.0,4,personal_vehicle,4271.87
Bengaluru,30.2,scooter,45.9,102.0,local_cuisine,mid_range,3,5,museum,1,1466.0,2,public_transport,5141.73
Goa,62.6,ev,0.13,8.5,fast_food,mid_range,3,5,sightseeing,0,0.0,4,public_transport,6906.41
Mumbai,115.6,car,16.6,102.0,fast_food,mid_range,3,5,museum,0,0.0,2,personal_vehicle,3741.83
Hyderabad,121.8,scooter,43.2,102.0,fast_food,mid_range,4,4,adventure,0,0.0,1,taxi,2368.11
Goa,180.4,scooter,42.3,102.0,cafe,mid_range,4,3,entertainment,1,4245.15,4,public_transport,11313.27
Hyderabad,14.8,car,21.5,102.0,non_veg,mid_range,3,3,cafe_hopping,0,0.0,1,public_transport,1605.21
Delhi,38.2,car,13.4,102.0,local_cuisine,fine_dining,4,1,adventure,1,2341.39,2,public_transport,8529.43
Delhi,14.7,bike,35.3,102.0,fast_food,budget,2,2,entertainment,0,0.0,4,taxi,2934.61
Mumbai,97.3,bike,46.6,102.0,veg,mid_range,3,5,entertainment,1,3294.02,1,personal_vehicle,5088.0
Bengaluru,168.3,car,20.9,102.0,veg,budget,3,1,beach,0,0.0,2,public_transport,2321.92
Delhi,83.8,ev,0.18,8.5,fast_food,mid_range,3,2,beach,0,0.0,1,rental_vehicle,1658.02
Goa,63.5,scooter,45.9,102.0,veg,budget,3,4,entertainment,0,0.0,1,rental_vehicle,1328.61
Jaipur,108.1,ev,0.16,8.5,local_cuisine,budget,2,3,shopping,1,1528.65,2,taxi,3492.08
Chennai,89.4,car,12.2,102.0,cafe,mid_range,3,4,shopping,0,0.0,1,personal_vehicle,2232.2
Jaipur,59.6,bike,33.4,102.0,cafe,mid_range,3,4,cafe_hopping,1,2054.91,1,rental_vehicle,3916.34
Bengaluru,164.3,ev,0.13,8.5,cafe,mid_range,3,5,shopping,1,1124.76,2,personal_vehicle,4893.92
Goa,21.0,scooter,49.4,102.0,local_cuisine,budget,2,4,cafe_hopping,0,0.0,1,personal_vehicle,942.9
Delhi,37.9,scooter,50.3,102.0,local_cuisine,mid_range,3,2,beach,1,3039.77,1,rental_vehicle,4825.88
Kochi,127.9,bike,44.2,102.0,cafe,mid_range,3,3,cafe_hopping,0,0.0,4,taxi,6313.36
Goa,72.5,scooter,52.6,102.0,cafe,budget,3,3,adventure,0,0.0,4,public_transport,3697.41
Goa,105.6,bike,46.0,102.0,cafe,budget,3,2,beach,0,0.0,3,taxi,2980.64
Bengaluru,134.9,bike,43.1,102.0,non_veg,fine_dining,3,1,sightseeing,1,2430.83,4,personal_vehicle,11967.71
Mumbai,125.5,scooter,49.3,102.0,fast_food,mid_range,3,4,adventure,1,3880.93,1,taxi,5760.64
Mumbai,146.1,ev,0.17,8.5,cafe,fine_dining,3,3,entertainment,1,4185.24,1,rental_vehicle,7583.81
Chennai,187.3,bike,30.7,102.0,local_cuisine,mid_range,3,4,sightseeing,0,0.0,1,taxi,2441.9
Goa,103.8,car,18.0,102.0,veg,budget,4,5,cafe_hopping,0,0.0,1,rental_vehicle,2105.92
Mumbai,13.9,scooter,49.1,102.0,fast_food,fine_dining,3,4,sightseeing,0,0.0,1,public_transport,2837.72
Bengaluru,13.7,scooter,47.2,102.0,veg,fine_dining,3,5,entertainment,0,0.0,3,public_transport,8620.42
Jaipur,134.1,bike,33.2,102.0,veg,budget,3,1,cafe_hopping,0,0.0,1,personal_vehicle,1104.3
Hyderabad,49.1,scooter,49.7,102.0,cafe,mid_range,3,4,cafe_hopping,1,1223.82,1,public_transport,2884.85
Goa,60.6,car,19.8,102.0,cafe,budget,3,5,cafe_hopping,0,0.0,2,personal_vehicle,2509.73
Bengaluru,172.1,ev,0.12,8.5,fast_food,mid_range,2,1,sightseeing,1,2990.08,2,rental_vehicle,5199.42
Kochi,22.7,bike,43.6,102.0,veg,budget,3,1,sightseeing,1,3187.98,2,taxi,5215.49
Chennai,157.0,scooter,48.3,102.0,local_cuisine,mid_range,3,4,shopping,0,0.0,1,personal_vehicle,1862.24
Mumbai,139.2,ev,0.15,8.5,local_cuisine,fine_dining,3,5,beach,1,4180.24,2,personal_vehicle,10340.69
Kochi,74.7,bike,38.0,102.0,veg,mid_range,3,1,sightseeing,1,4183.49,1,rental_vehicle,5918.21
Mumbai,127.2,scooter,40.6,102.0,non_veg,budget,3,4,beach,0,0.0,3,rental_vehicle,3516.21
Hyderabad,33.8,car,15.5,102.0,non_veg,budget,3,5,beach,0,0.0,1,rental_vehicle,1633.03
Chennai,143.5,ev,0.12,8.5,cafe,fine_dining,3,4,sightseeing,0,0.0,1,rental_vehicle,3097.3
Goa,165.6,car,13.1,102.0,veg,budget,4,3,cafe_hopping,1,3803.71,2,taxi,7605.99
Goa,43.8,scooter,43.8,102.0,cafe,fine_dining,3,2,sightseeing,1,2364.61,2,taxi,7905.41
Delhi,155.0,car,21.3,102.0,cafe,budget,3,2,entertainment,1,2018.61,1,personal_vehicle,3714.42
Kochi,196.2,ev,0.1,8.5,local_cuisine,budget,3,5,sightseeing,0,0.0,4,taxi,5131.96
Goa,109.3,car,15.2,102.0,non_veg,budget,3,1,museum,1,1623.8,2,public_transport,3868.47
Bengaluru,110.3,car,14.4,102.0,veg,mid_range,3,4,entertainment,1,2837.27,1,personal_vehicle,5643.53
Jaipur,192.6,scooter,54.4,102.0,non_veg,mid_range,3,4,sightseeing,0,0.0,2,public_transport,3461.08
Kochi,61.0,scooter,48.8,102.0,fast_food,mid_range,3,5,entertainment,1,2298.17,1,personal_vehicle,3950.94
Kochi,87.4,bike,46.7,102.0,veg,budget,3,4,sightseeing,1,1948.47,2,public_transport,4596.48
Jaipur,70.5,ev,0.14,8.5,veg,budget,4,1,beach,0,0.0,1,public_transport,962.59
Jaipur,60.5,scooter,52.8,102.0,local_cuisine,mid_range,3,4,entertainment,0,0.0,2,taxi,3485.38
Goa,11.6,car,16.3,102.0,veg,budget,3,2,sightseeing,1,3495.34,1,personal_vehicle,4853.08
Bengaluru,163.9,scooter,43.1,102.0,local_cuisine,mid_range,2,1,shopping,1,2438.87,2,taxi,4670.41
Kochi,187.2,bike,33.2,102.0,fast_food,mid_range,3,4,adventure,1,4285.37,1,public_transport,6805.45
Kochi,112.0,car,14.5,102.0,cafe,mid_range,3,4,sightseeing,0,0.0,3,public_transport,5862.43
Mumbai,105.3,car,20.9,102.0,local_cuisine,budget,2,3,entertainment,1,1627.05,1,taxi,3290.26
Mumbai,74.3,car,18.9,102.0,non_veg,mid_range,3,4,museum,0,0.0,1,personal_vehicle,1989.2
Kochi,61.0,scooter,44.6,102.0,local_cuisine,mid_range,3,4,museum,1,2010.72,1,public_transport,3895.19
Mumbai,140.6,car,13.8,102.0,veg,budget,3,5,museum,0,0.0,1,rental_vehicle,2366.4
Goa,109.2,car,14.2,102.0,cafe,mid_range,4,1,cafe_hopping,1,4105.09,2,personal_vehicle,7794.84
Bengaluru,169.8,bike,42.2,102.0,local_cuisine,mid_range,3,2,museum,1,2528.96,2,taxi,5997.57
Hyderabad,137.0,bike,47.5,102.0,fast_food,fine_dining,2,4,sightseeing,0,0.0,3,taxi,6623.91
Kochi,41.3,car,14.7,102.0,cafe,budget,3,1,shopping,0,0.0,1,taxi,1442.84
Hyderabad,80.3,car,15.6,102.0,local_cuisine,budget,3,2,museum,0,0.0,1,personal_vehicle,1301.41
Chennai,93.8,bike,32.8,102.0,cafe,budget,3,5,adventure,0,0.0,1,taxi,1730.39
Goa,112.9,bike,39.4,102.0,fast_food,budget,4,4,sightseeing,0,0.0,1,public_transport,1532.86
Hyderabad,166.2,scooter,41.2,102.0,non_veg,mid_range,3,2,sightseeing,0,0.0,1,personal_vehicle,1705.38
Kochi,144.8,ev,0.13,8.5,fast_food,mid_range,3,5,shopping,0,0.0,2,taxi,3874.04
Delhi,142.1,scooter,53.8,102.0,cafe,budget,2,3,sightseeing,0,0.0,1,rental_vehicle,1357.78
Hyderabad,176.6,ev,0.18,8.5,cafe,mid_range,3,5,adventure,1,1671.01,2,rental_vehicle,5724.29
Kochi,97.5,ev,0.15,8.5,fast_food,mid_range,3,4,cafe_hopping,0,0.0,1,rental_vehicle,1854.47
Kochi,54.1,bike,31.1,102.0,local_cuisine,budget,3,1,sightseeing,0,0.0,1,personal_vehicle,942.17
Kochi,110.2,bike,30.2,102.0,non_veg,mid_range,3,1,museum,1,3107.42,2,taxi,6402.42
Bengaluru,61.9,ev,0.12,8.5,veg,mid_range,4,5,adventure,1,1650.36,1,taxi,3730.52
Hyderabad,55.1,car,21.7,102.0,cafe,budget,4,2,shopping,0,0.0,1,taxi,1544.74
Goa,129.0,scooter,46.6,102.0,local_cuisine,budget,3,5,entertainment,1,2064.33,2,personal_vehicle,4324.31
Bengaluru,164.5,bike,44.3,102.0,cafe,fine_dining,3,5,adventure,0,0.0,1,public_transport,3008.26
Goa,132.6,car,20.8,102.0,veg,budget,3,3,beach,1,3775.99,3,public_transport,7275.87
Delhi,105.3,ev,0.17,8.5,cafe,budget,3,5,sightseeing,0,0.0,1,public_transport,1225.86
Kochi,50.8,bike,31.9,102.0,local_cuisine,mid_range,4,2,sightseeing,0,0.0,1,public_transport,1930.15
Jaipur,45.9,scooter,49.6,102.0,non_veg,mid_range,3,2,museum,1,4274.7,2,personal_vehicle,6864.57
Bengaluru,97.5,ev,0.2,8.5,non_veg,fine_dining,4,2,adventure,0,0.0,1,public_transport,3184.61
Chennai,137.4,bike,30.7,102.0,fast_food,budget,3,4,beach,0,0.0,1,personal_vehicle,1410.55
Hyderabad,89.1,scooter,47.1,102.0,fast_food,budget,4,2,shopping,1,3187.53,3,rental_vehicle,6465.13
Bengaluru,121.5,car,20.4,102.0,veg,mid_range,3,3,beach,0,0.0,1,taxi,2254.04
Goa,103.0,car,16.0,102.0,fast_food,budget,3,4,adventure,0,0.0,2,personal_vehicle,2693.43
Kochi,62.1,scooter,45.1,102.0,fast_food,budget,4,4,entertainment,0,0.0,1,taxi,1687.61
Jaipur,106.9,ev,0.12,8.5,non_veg,budget,3,2,museum,0,0.0,1,personal_vehicle,950.69
Goa,42.5,scooter,47.4,102.0,veg,mid_range,3,3,beach,0,0.0,2,personal_vehicle,3087.62
Jaipur,56.8,ev,0.14,8.5,fast_food,fine_dining,3,2,sightseeing,1,2365.38,1,public_transport,5239.64
Mumbai,116.9,car,18.0,102.0,veg,budget,3,3,museum,1,1891.0,4,rental_vehicle,6273.11
Mumbai,162.2,scooter,40.3,102.0,fast_food,mid_range,3,1,shopping,0,0.0,2,rental_vehicle,3153.12
Chennai,197.6,bike,34.0,102.0,veg,budget,3,2,cafe_hopping,0,0.0,2,rental_vehicle,2487.68
Jaipur,47.2,scooter,54.0,102.0,cafe,mid_range,3,3,sightseeing,1,1236.8,1,taxi,3235.55
Jaipur,119.8,scooter,50.5,102.0,cafe,mid_range,3,4,shopping,1,1054.38,2,rental_vehicle,4447.03
Hyderabad,106.6,bike,31.5,102.0,local_cuisine,budget,4,2,shopping,0,0.0,1,personal_vehicle,1225.54
Bengaluru,155.8,scooter,48.3,102.0,local_cuisine,mid_range,3,1,cafe_hopping,0,0.0,2,public_transport,2638.23
Mumbai,75.8,scooter,54.5,102.0,local_cuisine,mid_range,3,5,adventure,0,0.0,3,rental_vehicle,5133.18
Bengaluru,104.8,bike,44.7,102.0,local_cuisine,mid_range,3,5,museum,0,0.0,2,taxi,3920.17
Kochi,41.0,ev,0.18,8.5,veg,mid_range,2,4,beach,0,0.0,3,taxi,4238.82
Bengaluru,148.1,car,12.2,102.0,fast_food,mid_range,2,4,beach,1,3330.89,1,rental_vehicle,6234.49
Goa,160.6,car,18.4,102.0,veg,fine_dining,3,4,shopping,0,0.0,2,taxi,6794.66
Mumbai,37.9,ev,0.17,8.5,non_veg,budget,3,5,beach,0,0.0,1,personal_vehicle,1263.45
Mumbai,61.6,bike,38.4,102.0,fast_food,mid_range,3,4,museum,0,0.0,1,personal_vehicle,1864.15
Jaipur,19.9,scooter,51.5,102.0,local_cuisine,mid_range,2,1,sightseeing,0,0.0,2,taxi,2084.83
Bengaluru,17.2,bike,40.3,102.0,local_cuisine,fine_dining,3,3,beach,0,0.0,2,taxi,5649.37
Delhi,91.5,car,19.4,102.0,non_veg,mid_range,2,1,beach,1,918.63,1,taxi,2573.55
Bengaluru,176.8,car,18.0,102.0,fast_food,mid_range,3,5,shopping,1,2559.04,4,personal_vehicle,10201.08
Delhi,85.6,bike,43.2,102.0,local_cuisine,budget,4,5,beach,0,0.0,3,public_transport,4426.13
Chennai,148.6,ev,0.2,8.5,non_veg,mid_range,3,4,beach,0,0.0,3,taxi,5634.1
Kochi,174.0,scooter,53.0,102.0,non_veg,mid_range,3,5,museum,0,0.0,2,rental_vehicle,3936.15
Delhi,195.9,car,12.1,102.0,cafe,budget,4,3,beach,0,0.0,2,rental_vehicle,4094.11
Jaipur,104.3,ev,0.14,8.5,veg,mid_range,3,2,adventure,0,0.0,4,taxi,5421.06
Mumbai,137.9,scooter,44.2,102.0,cafe,budget,4,3,beach,1,3738.02,4,personal_vehicle,8658.55
Jaipur,151.1,bike,37.5,102.0,fast_food,mid_range,4,3,shopping,1,3132.93,2,taxi,7574.87
Goa,13.5,ev,0.11,8.5,fast_food,mid_range,2,4,sightseeing,0,0.0,4,taxi,5431.95
Goa,109.2,bike,40.6,102.0,fast_food,mid_range,3,1,sightseeing,1,1951.96,2,public_transport,4592.52
Goa,180.6,ev,0.13,8.5,non_veg,mid_range,3,5,adventure,1,999.42,1,taxi,3120.14
Bengaluru,107.2,scooter,48.5,102.0,non_veg,mid_range,3,2,beach,0,0.0,1,rental_vehicle,1760.42
Jaipur,162.3,bike,34.7,102.0,cafe,mid_range,3,2,shopping,0,0.0,1,personal_vehicle,1783.78
Jaipur,67.7,scooter,41.0,102.0,fast_food,mid_range,4,1,museum,1,2539.36,1,rental_vehicle,4516.11
Hyderabad,127.0,car,15.5,102.0,local_cuisine,mid_range,3,1,entertainment,1,1614.0,1,public_transport,3422.54
Bengaluru,102.2,scooter,41.9,102.0,veg,budget,3,1,museum,0,0.0,2,taxi,1945.11
Delhi,44.2,ev,0.16,8.5,fast_food,fine_dining,3,1,entertainment,1,3610.1,3,taxi,10914.71
Bengaluru,105.6,car,16.2,102.0,cafe,budget,3,2,entertainment,0,0.0,4,taxi,4653.5
Hyderabad,149.9,car,19.0,102.0,cafe,fine_dining,3,1,museum,1,4047.98,3,personal_vehicle,12365.02
Jaipur,28.9,bike,49.9,102.0,veg,budget,3,3,entertainment,0,0.0,1,public_transport,1018.01
Delhi,132.1,bike,46.2,102.0,local_cuisine,mid_range,3,4,beach,0,0.0,1,taxi,2386.63
Hyderabad,120.8,ev,0.17,8.5,cafe,mid_range,3,5,beach,0,0.0,3,public_transport,5293.49
Jaipur,163.4,scooter,41.3,102.0,local_cuisine,fine_dining,3,4,shopping,0,0.0,1,personal_vehicle,3296.89
Hyderabad,16.1,scooter,40.3,102.0,veg,mid_range,3,1,cafe_hopping,0,0.0,1,personal_vehicle,1224.78
Mumbai,167.3,bike,38.3,102.0,veg,budget,3,2,beach,1,2608.48,1,rental_vehicle,3932.26
Delhi,112.9,car,15.2,102.0,veg,mid_range,3,3,sightseeing,0,0.0,1,rental_vehicle,2497.83
Goa,126.4,ev,0.2,8.5,local_cuisine,budget,3,3,cafe_hopping,1,1338.32,3,taxi,4990.22
Hyderabad,48.1,ev,0.16,8.5,local_cuisine,budget,3,1,adventure,1,3311.0,1,public_transport,4276.29
Bengaluru,64.7,ev,0.19,8.5,local_cuisine,budget,2,4,shopping,0,0.0,3,taxi,2978.62
Jaipur,63.2,ev,0.15,8.5,local_cuisine,mid_range,3,3,sightseeing,0,0.0,1,personal_vehicle,1545.57
Hyderabad,167.3,car,15.9,102.0,fast_food,budget,3,1,shopping,0,0.0,1,rental_vehicle,1787.4
Mumbai,22.3,scooter,50.3,102.0,fast_food,mid_range,3,3,cafe_hopping,0,0.0,1,rental_vehicle,1658.1
Goa,73.3,car,20.5,102.0,local_cuisine,budget,3,5,shopping,0,0.0,2,rental_vehicle,2884.35
Mumbai,151.3,bike,45.3,102.0,fast_food,budget,3,3,entertainment,0,0.0,3,taxi,3522.12
Jaipur,192.8,ev,0.18,8.5,cafe,mid_range,4,2,adventure,1,3701.03,2,personal_vehicle,7436.86
Hyderabad,139.0,car,14.4,102.0,cafe,budget,2,5,shopping,1,3724.51,1,taxi,5903.59
Delhi,107.4,bike,41.8,102.0,fast_food,mid_range,4,4,entertainment,0,0.0,1,personal_vehicle,2202.75
Jaipur,106.1,car,15.2,102.0,veg,fine_dining,2,5,entertainment,1,873.64,2,personal_vehicle,5432.68
Goa,17.7,scooter,53.8,102.0,veg,budget,3,3,cafe_hopping,0,0.0,2,public_transport,2075.75
Mumbai,166.4,car,21.5,102.0,cafe,budget,3,4,entertainment,0,0.0,4,personal_vehicle,4984.17
Chennai,185.2,scooter,48.8,102.0,veg,mid_range,3,4,shopping,1,2486.71,2,personal_vehicle,5790.35
Kochi,136.9,car,17.2,102.0,fast_food,budget,3,2,museum,1,4034.18,1,rental_vehicle,5848.42
Kochi,170.7,ev,0.18,8.5,fast_food,budget,2,5,adventure,0,0.0,1,public_transport,1326.53
Delhi,66.5,bike,49.1,102.0,veg,budget,4,2,beach,0,0.0,2,personal_vehicle,2116.54
Kochi,162.1,scooter,54.3,102.0,veg,mid_range,4,2,shopping,1,1912.55,2,rental_vehicle,5850.34
Goa,73.4,car,13.7,102.0,veg,budget,3,4,cafe_hopping,1,1268.21,2,rental_vehicle,4399.34
Chennai,143.9,ev,0.2,8.5,non_veg,budget,3,4,sightseeing,1,1195.47,3,taxi,5129.3
Kochi,81.6,scooter,42.4,102.0,fast_food,fine_dining,3,1,adventure,0,0.0,3,rental_vehicle,6960.57
Delhi,124.3,ev,0.11,8.5,veg,mid_range,2,4,entertainment,0,0.0,2,rental_vehicle,2959.06
Delhi,19.4,car,19.1,102.0,veg,budget,2,5,museum,0,0.0,2,public_transport,2188.55
Jaipur,104.5,bike,42.9,102.0,local_cuisine,budget,3,1,sightseeing,1,2659.77,1,personal_vehicle,3640.89
Mumbai,47.2,scooter,45.9,102.0,non_veg,budget,3,2,cafe_hopping,1,2882.73,4,personal_vehicle,6290.96
Delhi,66.1,ev,0.18,8.5,non_veg,budget,2,4,entertainment,0,0.0,1,public_transport,991.0
Chennai,65.7,bike,36.5,102.0,fast_food,mid_range,3,4,beach,1,4497.65,2,personal_vehicle,8113.38
Bengaluru,135.4,ev,0.13,8.5,non_veg,mid_range,3,2,adventure,1,2071.5,1,rental_vehicle,3657.7
Goa,189.6,car,21.9,102.0,non_veg,mid_range,3,1,shopping,1,2498.89,1,personal_vehicle,4895.42
Kochi,13.8,bike,38.5,102.0,cafe,mid_range,4,3,cafe_hopping,1,1462.74,1,public_transport,3665.06
Hyderabad,169.7,bike,32.6,102.0,fast_food,mid_range,4,4,entertainment,0,0.0,1,public_transport,2556.78
Chennai,142.0,bike,38.3,102.0,cafe,budget,3,2,shopping,1,2774.34,1,public_transport,4072.55
Hyderabad,106.8,scooter,48.9,102.0,fast_food,mid_range,3,1,sightseeing,0,0.0,2,taxi,2862.92
Jaipur,96.1,car,18.4,102.0,veg,mid_range,3,1,cafe_hopping,1,2628.27,2,taxi,5832.37
Delhi,111.5,scooter,54.9,102.0,local_cuisine,mid_range,3,2,entertainment,0,0.0,1,personal_vehicle,1587.66
Kochi,15.8,bike,41.5,102.0,non_veg,budget,3,4,museum,0,0.0,1,personal_vehicle,1173.76
Delhi,126.4,ev,0.12,8.5,veg,fine_dining,3,5,cafe_hopping,0,0.0,1,public_transport,3051.52
Hyderabad,113.3,car,17.8,102.0,fast_food,mid_range,2,3,adventure,1,1946.13,4,taxi,7405.38
Chennai,144.0,bike,40.9,102.0,cafe,fine_dining,3,2,shopping,1,1898.16,1,personal_vehicle,4881.15
Goa,181.2,ev,0.17,8.5,local_cuisine,budget,3,1,beach,1,2547.44,2,personal_vehicle,3990.9
Jaipur,180.2,ev,0.19,8.5,local_cuisine,mid_range,3,1,sightseeing,1,3390.7,2,taxi,6420.18
Delhi,27.3,ev,0.16,8.5,non_veg,budget,3,5,shopping,0,0.0,1,personal_vehicle,1289.99
Hyderabad,152.9,car,21.3,102.0,cafe,budget,3,4,beach,1,4252.6,1,rental_vehicle,5952.88
Hyderabad,30.9,ev,0.19,8.5,non_veg,budget,3,4,shopping,0,0.0,2,public_transport,2138.29
Goa,171.0,bike,38.9,102.0,fast_food,mid_range,3,3,sightseeing,0,0.0,1,personal_vehicle,1822.2
Goa,110.4,scooter,41.1,102.0,veg,mid_range,3,3,museum,0,0.0,1,rental_vehicle,1962.17
Jaipur,124.0,ev,0.14,8.5,non_veg,budget,3,2,shopping,0,0.0,3,rental_vehicle,2896.53
Goa,121.9,bike,43.0,102.0,non_veg,budget,3,1,entertainment,1,1072.14,1,taxi,2474.86
Delhi,117.8,ev,0.13,8.5,veg,budget,3,1,sightseeing,0,0.0,1,taxi,1215.75
Chennai,170.9,ev,0.12,8.5,local_cuisine,budget,4,5,museum,0,0.0,1,public_transport,1504.85
Bengaluru,14.2,car,13.7,102.0,cafe,mid_range,3,3,sightseeing,0,0.0,2,public_transport,3195.09
Mumbai,152.5,scooter,51.4,102.0,non_veg,budget,3,1,beach,0,0.0,1,rental_vehicle,1168.77
Jaipur,199.4,scooter,50.4,102.0,non_veg,budget,3,1,cafe_hopping,1,2845.47,1,rental_vehicle,4291.11
Delhi,37.6,scooter,45.5,102.0,fast_food,mid_range,3,4,entertainment,0,0.0,1,public_transport,1656.2
Goa,25.0,ev,0.16,8.5,local_cuisine,mid_range,2,5,sightseeing,0,0.0,2,rental_vehicle,3049.53
Bengaluru,147.7,ev,0.12,8.5,non_veg,budget,3,5,museum,1,977.1,1,taxi,2583.9
Delhi,129.8,bike,32.4,102.0,non_veg,budget,4,5,museum,0,0.0,3,taxi,4868.31
Kochi,136.9,bike,45.0,102.0,cafe,mid_range,3,2,museum,1,3415.03,2,rental_vehicle,6237.07
Mumbai,146.1,scooter,47.6,102.0,veg,budget,3,3,sightseeing,0,0.0,1,rental_vehicle,1510.6
Kochi,76.3,scooter,50.5,102.0,non_veg,mid_range,3,3,shopping,0,0.0,2,public_transport,2965.66
Kochi,112.5,ev,0.16,8.5,non_veg,budget,3,5,adventure,1,3151.19,1,personal_vehicle,4244.26
Goa,147.2,scooter,47.4,102.0,non_veg,mid_range,2,1,shopping,0,0.0,1,public_transport,1327.5
Chennai,119.2,scooter,46.0,102.0,local_cuisine,budget,3,2,sightseeing,0,0.0,1,taxi,1467.82
Goa,121.6,scooter,50.1,102.0,non_veg,mid_range,3,3,museum,0,0.0,2,personal_vehicle,3145.78
Mumbai,125.2,scooter,46.9,102.0,local_cuisine,budget,3,4,cafe_hopping,1,943.13,2,rental_vehicle,3750.81
Goa,80.0,scooter,50.9,102.0,veg,fine_dining,3,5,museum,0,0.0,3,public_transport,8398.52
Delhi,87.0,ev,0.15,8.5,local_cuisine,mid_range,3,1,shopping,1,1750.52,1,rental_vehicle,3263.88
Kochi,170.1,ev,0.16,8.5,veg,budget,3,2,entertainment,1,3761.33,2,rental_vehicle,5965.5
Kochi,67.0,bike,39.5,102.0,cafe,mid_range,3,3,museum,1,1549.11,3,rental_vehicle,6515.75
Mumbai,24.6,scooter,40.9,102.0,local_cuisine,mid_range,3,2,adventure,1,837.27,1,taxi,2655.38
Bengaluru,163.0,car,20.7,102.0,cafe,budget,3,3,museum,0,0.0,4,taxi,4752.97
Goa,14.9,ev,0.1,8.5,cafe,mid_range,3,2,entertainment,0,0.0,2,rental_vehicle,2944.81
Mumbai,199.9,ev,0.13,8.5,veg,budget,2,3,beach,1,1401.82,1,rental_vehicle,2605.1
Delhi,135.6,bike,40.5,102.0,local_cuisine,fine_dining,4,2,shopping,0,0.0,2,rental_vehicle,6785.26
Mumbai,56.9,ev,0.19,8.5,non_veg,mid_range,4,4,beach,0,0.0,2,rental_vehicle,3896.19
Kochi,122.5,ev,0.13,8.5,non_veg,budget,3,4,cafe_hopping,0,0.0,3,personal_vehicle,3154.41
Chennai,175.4,ev,0.18,8.5,fast_food,mid_range,3,3,entertainment,1,2822.13,2,public_transport,6139.51
Hyderabad,113.5,scooter,49.6,102.0,fast_food,mid_range,4,3,beach,0,0.0,3,personal_vehicle,5624.54
Hyderabad,109.1,bike,48.6,102.0,non_veg,budget,3,4,beach,0,0.0,2,personal_vehicle,2305.16
Bengaluru,170.1,car,16.7,102.0,fast_food,mid_range,2,3,museum,0,0.0,1,personal_vehicle,2201.18
Goa,110.7,ev,0.18,8.5,fast_food,fine_dining,3,5,sightseeing,0,0.0,2,taxi,6311.01
Jaipur,83.4,car,13.7,102.0,veg,budget,2,1,museum,1,4456.35,1,taxi,5626.43
Bengaluru,146.4,car,14.5,102.0,local_cuisine,fine_dining,3,5,cafe_hopping,0,0.0,1,personal_vehicle,3804.5
Hyderabad,106.8,car,17.5,102.0,cafe,fine_dining,3,2,shopping,0,0.0,2,taxi,6290.53
Jaipur,165.6,ev,0.12,8.5,veg,budget,3,5,entertainment,0,0.0,1,taxi,1741.12
Chennai,191.0,bike,44.7,102.0,fast_food,mid_range,4,5,adventure,0,0.0,4,taxi,8872.87
Chennai,194.2,car,13.0,102.0,fast_food,mid_range,2,2,sightseeing,0,0.0,1,personal_vehicle,2601.73
Delhi,191.1,ev,0.16,8.5,cafe,mid_range,3,5,museum,0,0.0,4,taxi,7718.57
Jaipur,178.9,bike,46.7,102.0,veg,fine_dining,3,1,adventure,1,3546.96,4,rental_vehicle,12725.74
Kochi,82.6,bike,36.2,102.0,non_veg,mid_range,4,2,adventure,1,1599.9,2,personal_vehicle,4912.17
Chennai,75.9,scooter,51.7,102.0,veg,budget,3,4,cafe_hopping,0,0.0,3,public_transport,3366.17
Jaipur,189.2,bike,31.0,102.0,local_cuisine,mid_range,3,4,entertainment,1,2017.65,2,public_transport,5520.34
Chennai,146.4,car,15.4,102.0,non_veg,mid_range,3,3,adventure,0,0.0,1,rental_vehicle,2832.54
Mumbai,47.9,ev,0.18,8.5,non_veg,mid_range,4,2,adventure,1,3554.33,3,public_transport,8744.59
Chennai,45.8,car,20.4,102.0,fast_food,mid_range,3,2,beach,1,3832.08,2,rental_vehicle,6566.89
Kochi,11.5,scooter,51.6,102.0,veg,budget,4,5,beach,1,3246.18,1,public_transport,4597.9
Goa,136.9,ev,0.19,8.5,fast_food,budget,3,2,cafe_hopping,1,2329.94,1,personal_vehicle,3373.73
Goa,189.1,bike,42.7,102.0,non_veg,budget,3,5,entertainment,0,0.0,1,personal_vehicle,1721.61
Bengaluru,137.5,scooter,43.5,102.0,cafe,mid_range,3,4,entertainment,0,0.0,1,personal_vehicle,1918.67
Jaipur,76.1,scooter,52.8,102.0,veg,fine_dining,4,1,cafe_hopping,0,0.0,4,personal_vehicle,12808.45
Goa,62.2,car,20.2,102.0,fast_food,mid_range,3,4,cafe_hopping,0,0.0,1,personal_vehicle,1870.53
Kochi,177.5,car,13.5,102.0,non_veg,mid_range,3,3,museum,0,0.0,1,taxi,3232.52
Kochi,38.0,scooter,54.5,102.0,cafe,fine_dining,2,4,shopping,0,0.0,2,public_transport,4223.68
Kochi,181.9,scooter,48.3,102.0,fast_food,fine_dining,3,1,sightseeing,0,0.0,2,personal_vehicle,4908.92
Delhi,114.2,scooter,49.7,102.0,local_cuisine,budget,4,4,cafe_hopping,0,0.0,3,taxi,4120.4
Hyderabad,66.5,ev,0.2,8.5,veg,mid_range,3,5,entertainment,1,3030.76,2,personal_vehicle,6753.48
Mumbai,31.8,scooter,41.0,102.0,fast_food,budget,3,4,museum,0,0.0,2,rental_vehicle,2523.2
Goa,39.9,scooter,52.9,102.0,fast_food,fine_dining,3,4,adventure,1,3762.9,1,public_transport,6667.62
Chennai,45.2,ev,0.13,8.5,fast_food,mid_range,2,3,cafe_hopping,1,1984.2,1,rental_vehicle,3353.22
Bengaluru,13.3,car,15.7,102.0,fast_food,mid_range,3,1,museum,0,0.0,1,taxi,1715.49
Bengaluru,35.7,ev,0.15,8.5,fast_food,mid_range,3,4,shopping,0,0.0,2,rental_vehicle,3289.45
Kochi,140.8,bike,37.0,102.0,cafe,budget,3,2,entertainment,1,1953.11,4,rental_vehicle,5593.68
Hyderabad,149.3,car,15.2,102.0,cafe,fine_dining,4,2,sightseeing,0,0.0,3,personal_vehicle,10807.48
Bengaluru,46.5,scooter,53.3,102.0,veg,budget,2,4,adventure,0,0.0,1,personal_vehicle,1029.62
Chennai,81.4,scooter,44.4,102.0,fast_food,mid_range,3,3,beach,1,1094.58,2,personal_vehicle,4073.6
Delhi,140.0,bike,39.5,102.0,local_cuisine,budget,3,5,shopping,1,3148.89,3,public_transport,6845.92
Mumbai,66.9,car,16.4,102.0,fast_food,fine_dining,3,3,cafe_hopping,1,1444.83,2,public_transport,7334.52
Chennai,85.9,ev,0.16,8.5,local_cuisine,budget,3,5,cafe_hopping,0,0.0,2,taxi,2649.82
Bengaluru,187.0,bike,32.7,102.0,non_veg,budget,3,2,beach,0,0.0,4,public_transport,3999.43
Delhi,143.6,ev,0.14,8.5,veg,mid_range,3,4,sightseeing,1,2239.76,2,public_transport,5789.81
Bengaluru,75.3,scooter,48.6,102.0,local_cuisine,mid_range,4,1,shopping,1,1305.51,1,rental_vehicle,3227.26
Jaipur,103.0,scooter,44.1,102.0,cafe,budget,3,4,cafe_hopping,0,0.0,2,taxi,2795.95
Hyderabad,18.0,scooter,54.0,102.0,fast_food,budget,2,3,cafe_hopping,1,3759.97,4,rental_vehicle,6018.6
Delhi,144.7,ev,0.12,8.5,non_veg,mid_range,3,3,cafe_hopping,1,1540.25,1,rental_vehicle,3500.51
Delhi,132.6,car,17.9,102.0,non_veg,mid_range,2,2,cafe_hopping,0,0.0,1,personal_vehicle,1762.49
Goa,18.2,ev,0.15,8.5,veg,mid_range,3,1,museum,0,0.0,2,personal_vehicle,2539.89
Jaipur,103.2,ev,0.18,8.5,veg,budget,2,4,entertainment,0,0.0,1,taxi,1449.22
Hyderabad,29.0,bike,46.2,102.0,veg,budget,3,3,adventure,0,0.0,2,rental_vehicle,1983.77
Mumbai,30.7,scooter,40.3,102.0,cafe,mid_range,3,4,adventure,0,0.0,2,taxi,3650.31
Goa,99.8,bike,36.4,102.0,veg,mid_range,3,3,shopping,0,0.0,2,rental_vehicle,3214.19
Goa,70.5,car,20.1,102.0,cafe,fine_dining,3,3,adventure,0,0.0,1,public_transport,3185.73
Kochi,172.5,scooter,43.1,102.0,veg,budget,3,2,cafe_hopping,0,0.0,3,personal_vehicle,2818.15
Delhi,95.5,ev,0.19,8.5,non_veg,budget,2,1,adventure,0,0.0,2,rental_vehicle,1537.26
Delhi,101.5,bike,32.5,102.0,fast_food,fine_dining,2,2,beach,1,1858.89,1,public_transport,3878.79
Bengaluru,154.8,bike,42.2,102.0,veg,fine_dining,3,4,beach,0,0.0,3,rental_vehicle,8712.71
Chennai,51.0,ev,0.14,8.5,fast_food,mid_range,4,3,museum,0,0.0,3,public_transport,5422.1
Bengaluru,89.0,scooter,44.6,102.0,veg,mid_range,3,5,shopping,1,1533.92,2,personal_vehicle,5068.93
Jaipur,164.5,scooter,40.9,102.0,veg,budget,3,2,sightseeing,0,0.0,1,taxi,1591.45
Hyderabad,41.9,car,21.3,102.0,fast_food,fine_dining,3,3,sightseeing,1,2860.74,2,rental_vehicle,8514.45
Bengaluru,82.6,ev,0.2,8.5,veg,mid_range,3,1,beach,1,2312.72,1,personal_vehicle,3551.58
Jaipur,58.0,ev,0.12,8.5,non_veg,fine_dining,3,2,beach,0,0.0,1,personal_vehicle,2587.06
Mumbai,151.6,scooter,44.0,102.0,fast_food,mid_range,3,5,museum,0,0.0,1,taxi,2470.19
Chennai,145.7,scooter,46.9,102.0,local_cuisine,mid_range,3,3,beach,1,1409.22,1,rental_vehicle,3346.84
Hyderabad,56.4,ev,0.17,8.5,local_cuisine,fine_dining,3,1,sightseeing,0,0.0,2,rental_vehicle,4849.02
Bengaluru,106.8,bike,31.5,102.0,fast_food,mid_range,3,1,entertainment,0,0.0,1,public_transport,1589.89
Delhi,14.2,bike,46.0,102.0,non_veg,budget,3,2,adventure,0,0.0,2,rental_vehicle,1764.3
Jaipur,116.7,ev,0.17,8.5,local_cuisine,mid_range,3,1,beach,0,0.0,1,taxi,1710.94
Chennai,165.5,bike,43.4,102.0,fast_food,budget,3,4,cafe_hopping,0,0.0,2,personal_vehicle,2380.66
Kochi,62.8,scooter,54.9,102.0,local_cuisine,mid_range,3,3,museum,1,3398.5,4,public_transport,9132.48
Hyderabad,153.7,ev,0.12,8.5,non_veg,budget,3,4,beach,0,0.0,1,public_transport,1338.26
Jaipur,163.1,car,15.4,102.0,non_veg,mid_range,3,2,adventure,1,3536.9,3,personal_vehicle,8461.04
Chennai,170.3,bike,33.5,102.0,non_veg,mid_range,3,1,cafe_hopping,0,0.0,4,public_transport,5280.15
Hyderabad,177.3,scooter,53.5,102.0,non_veg,budget,3,4,entertainment,1,3605.08,4,personal_vehicle,8301.88
Bengaluru,163.7,bike,41.7,102.0,fast_food,budget,2,2,museum,1,4451.58,1,personal_vehicle,5427.97
Hyderabad,188.0,bike,47.7,102.0,veg,budget,2,1,beach,0,0.0,1,rental_vehicle,1170.35
Mumbai,171.4,bike,34.9,102.0,local_cuisine,mid_range,3,3,museum,0,0.0,1,personal_vehicle,1804.03
Delhi,97.5,ev,0.19,8.5,local_cuisine,mid_range,3,3,shopping,0,0.0,1,rental_vehicle,1826.71
Hyderabad,191.9,car,19.8,102.0,cafe,budget,3,5,museum,1,4070.4,2,rental_vehicle,7711.8
Hyderabad,70.4,scooter,54.7,102.0,cafe,fine_dining,2,2,entertainment,1,3817.66,2,personal_vehicle,7586.01
Kochi,82.1,bike,45.8,102.0,non_veg,mid_range,3,2,adventure,0,0.0,1,personal_vehicle,1501.8
Jaipur,72.2,ev,0.17,8.5,non_veg,mid_range,2,3,museum,1,3931.49,2,taxi,6900.09
Jaipur,107.1,scooter,40.7,102.0,cafe,mid_range,3,4,entertainment,0,0.0,1,public_transport,2030.16
Jaipur,152.8,bike,43.6,102.0,veg,mid_range,2,4,shopping,0,0.0,4,personal_vehicle,5027.12
Jaipur,62.3,bike,33.0,102.0,local_cuisine,mid_range,3,5,beach,1,3478.51,1,taxi,5817.93
Chennai,112.8,ev,0.11,8.5,cafe,mid_range,2,1,sightseeing,0,0.0,3,personal_vehicle,2717.26
Hyderabad,196.1,car,21.3,102.0,non_veg,mid_range,3,3,sightseeing,0,0.0,3,rental_vehicle,5394.89
Hyderabad,119.6,car,20.1,102.0,local_cuisine,mid_range,2,4,shopping,0,0.0,1,public_transport,1953.01
Bengaluru,105.5,scooter,40.5,102.0,local_cuisine,mid_range,3,3,beach,1,3584.04,1,public_transport,5030.45
Goa,160.5,scooter,50.9,102.0,fast_food,budget,4,1,shopping,0,0.0,1,rental_vehicle,1463.73
Mumbai,133.6,scooter,50.9,102.0,fast_food,mid_range,3,3,adventure,0,0.0,1,public_transport,1898.4
Mumbai,16.0,car,15.3,102.0,non_veg,mid_range,3,2,museum,0,0.0,1,public_transport,1545.58
Chennai,86.8,ev,0.17,8.5,non_veg,mid_range,3,2,sightseeing,1,991.37,1,rental_vehicle,2655.84
Jaipur,114.4,bike,42.7,102.0,fast_food,budget,3,2,museum,0,0.0,1,rental_vehicle,1274.25
Chennai,151.1,car,15.5,102.0,non_veg,budget,4,2,entertainment,1,1870.34,3,public_transport,5467.33
Delhi,156.9,ev,0.13,8.5,veg,budget,3,3,shopping,1,3611.99,1,rental_vehicle,4885.71
Jaipur,123.0,car,15.3,102.0,non_veg,fine_dining,3,5,entertainment,1,2514.99,2,taxi,8928.22
Chennai,31.7,car,14.3,102.0,local_cuisine,mid_range,2,3,sightseeing,1,4355.17,2,personal_vehicle,6628.73
Jaipur,100.0,bike,33.1,102.0,veg,mid_range,3,1,museum,1,1069.79,3,taxi,5278.84
Bengaluru,120.9,scooter,49.4,102.0,fast_food,budget,3,4,museum,0,0.0,1,taxi,1631.47
Chennai,62.6,scooter,45.5,102.0,veg,mid_range,3,3,shopping,1,2593.68,1,taxi,4565.77
Jaipur,88.5,bike,46.5,102.0,veg,mid_range,3,4,sightseeing,0,0.0,2,rental_vehicle,3694.18
Kochi,188.8,bike,49.3,102.0,local_cuisine,mid_range,3,5,museum,1,1967.31,2,personal_vehicle,5896.15
Hyderabad,106.7,car,17.2,102.0,veg,mid_range,2,2,cafe_hopping,1,2834.66,1,public_transport,4695.72
Chennai,98.7,bike,39.7,102.0,fast_food,budget,3,4,sightseeing,0,0.0,3,personal_vehicle,3429.49
Delhi,71.3,bike,39.5,102.0,local_cuisine,mid_range,3,5,sightseeing,1,944.86,4,taxi,8189.79
Kochi,138.1,bike,31.8,102.0,veg,budget,3,1,entertainment,1,3671.72,2,taxi,5600.87
Kochi,116.6,car,15.0,102.0,veg,fine_dining,3,2,entertainment,0,0.0,2,taxi,6360.43
Chennai,17.5,scooter,51.9,102.0,veg,budget,4,2,sightseeing,1,3416.41,1,taxi,4807.73
Chennai,137.6,car,18.5,102.0,non_veg,fine_dining,3,4,cafe_hopping,0,0.0,2,rental_vehicle,6396.1
Chennai,74.4,scooter,40.2,102.0,fast_food,mid_range,3,2,shopping,0,0.0,3,personal_vehicle,3673.87
Delhi,82.8,ev,0.13,8.5,fast_food,mid_range,4,3,beach,0,0.0,1,personal_vehicle,1869.63
Jaipur,13.3,scooter,50.2,102.0,cafe,mid_range,2,5,shopping,0,0.0,4,personal_vehicle,5405.42
Mumbai,31.4,scooter,49.8,102.0,cafe,mid_range,4,2,adventure,1,2067.62,1,public_transport,3789.64
Goa,105.1,car,14.0,102.0,cafe,mid_range,3,3,sightseeing,1,2527.9,3,taxi,7908.45
Chennai,72.2,car,17.0,102.0,non_veg,mid_range,3,1,shopping,1,2048.12,2,public_transport,4962.97
Chennai,125.7,car,13.5,102.0,veg,budget,3,3,museum,1,4320.42,2,taxi,7549.54
Kochi,174.2,scooter,47.9,102.0,non_veg,mid_range,3,2,sightseeing,0,0.0,3,taxi,4731.72
Delhi,139.6,bike,43.7,102.0,fast_food,budget,3,1,cafe_hopping,0,0.0,2,taxi,2076.17
Bengaluru,112.3,bike,40.6,102.0,veg,budget,3,4,entertainment,0,0.0,1,public_transport,1324.8
Hyderabad,196.1,ev,0.16,8.5,local_cuisine,budget,4,2,sightseeing,0,0.0,1,taxi,1670.16
Jaipur,195.8,bike,48.7,102.0,cafe,budget,3,2,museum,0,0.0,2,rental_vehicle,2339.93
Mumbai,133.8,car,12.5,102.0,local_cuisine,mid_range,2,4,cafe_hopping,0,0.0,1,rental_vehicle,2451.55
Delhi,126.7,car,13.5,102.0,veg,budget,3,4,museum,1,1941.06,3,public_transport,5850.2
Kochi,12.9,bike,45.8,102.0,fast_food,budget,3,2,adventure,0,0.0,1,personal_vehicle,888.18
Mumbai,66.2,scooter,48.9,102.0,veg,budget,3,4,cafe_hopping,1,3316.79,1,rental_vehicle,4954.62
Chennai,139.5,ev,0.14,8.5,fast_food,budget,3,2,cafe_hopping,1,1613.08,1,taxi,2976.15
Bengaluru,22.2,bike,41.6,102.0,non_veg,mid_range,3,2,shopping,0,0.0,1,rental_vehicle,1578.68
Chennai,134.6,bike,46.4,102.0,local_cuisine,mid_range,3,4,museum,1,2190.31,4,public_transport,8152.15
Kochi,174.2,ev,0.14,8.5,cafe,budget,3,3,adventure,1,1064.18,3,public_transport,4047.27
Delhi,179.2,bike,46.8,102.0,fast_food,fine_dining,3,5,shopping,1,4428.06,1,rental_vehicle,7707.1
Chennai,73.3,car,15.1,102.0,cafe,budget,2,5,cafe_hopping,0,0.0,3,public_transport,3501.07
Jaipur,127.2,ev,0.12,8.5,non_veg,budget,3,1,museum,1,3986.18,1,personal_vehicle,4639.69
Delhi,126.5,scooter,49.5,102.0,cafe,mid_range,3,3,shopping,0,0.0,1,personal_vehicle,1735.29
Mumbai,159.0,scooter,51.7,102.0,non_veg,budget,4,1,entertainment,1,1205.98,1,public_transport,2380.13
Jaipur,112.9,car,13.0,102.0,fast_food,mid_range,4,4,beach,1,1065.99,2,rental_vehicle,5671.32
Goa,111.4,bike,44.3,102.0,fast_food,mid_range,3,2,shopping,0,0.0,1,taxi,2076.4
Goa,116.0,ev,0.15,8.5,fast_food,mid_range,3,2,sightseeing,0,0.0,2,personal_vehicle,2781.51
Delhi,174.6,ev,0.12,8.5,fast_food,budget,3,1,beach,1,3202.2,1,taxi,4631.43
Delhi,149.7,scooter,48.5,102.0,fast_food,mid_range,2,1,adventure,1,2927.92,2,taxi,5407.36
Bengaluru,15.5,bike,35.6,102.0,fast_food,mid_range,3,1,museum,0,0.0,2,personal_vehicle,2618.78
Goa,40.1,scooter,45.2,102.0,cafe,budget,3,2,beach,0,0.0,1,personal_vehicle,896.96
Delhi,65.2,car,20.4,102.0,veg,budget,3,4,shopping,0,0.0,2,taxi,2933.48
Kochi,75.8,bike,47.2,102.0,cafe,budget,2,5,shopping,0,0.0,2,personal_vehicle,1998.81
Delhi,74.0,ev,0.17,8.5,cafe,budget,3,3,cafe_hopping,0,0.0,1,public_transport,1142.5
Mumbai,42.9,scooter,43.2,102.0,local_cuisine,mid_range,3,4,sightseeing,1,1238.09,1,personal_vehicle,2884.99
Delhi,84.1,ev,0.11,8.5,veg,budget,3,1,shopping,0,0.0,2,public_transport,1528.87
Mumbai,125.9,ev,0.12,8.5,non_veg,mid_range,2,1,entertainment,0,0.0,2,public_transport,1886.66
Goa,21.1,bike,42.3,102.0,cafe,fine_dining,4,1,cafe_hopping,1,3802.38,3,taxi,12729.22
Goa,72.2,ev,0.17,8.5,veg,budget,3,2,cafe_hopping,0,0.0,4,public_transport,3254.44
Mumbai,136.6,scooter,48.5,102.0,veg,budget,3,2,adventure,0,0.0,2,rental_vehicle,2155.66
Mumbai,20.3,bike,45.9,102.0,cafe,budget,3,2,sightseeing,0,0.0,2,personal_vehicle,1703.86
Jaipur,126.5,ev,0.13,8.5,fast_food,mid_range,4,1,cafe_hopping,0,0.0,2,public_transport,3370.69
Kochi,98.9,scooter,43.0,102.0,non_veg,fine_dining,3,5,shopping,0,0.0,2,public_transport,6012.36
Delhi,13.5,bike,46.0,102.0,fast_food,mid_range,3,2,beach,0,0.0,4,rental_vehicle,5603.32
Chennai,62.3,car,18.7,102.0,fast_food,budget,3,1,museum,1,3630.75,1,public_transport,4700.28
Goa,180.3,car,16.8,102.0,cafe,budget,3,4,sightseeing,0,0.0,4,public_transport,5394.81
Kochi,126.7,ev,0.11,8.5,local_cuisine,fine_dining,4,2,adventure,0,0.0,1,public_transport,2974.91
Bengaluru,77.0,bike,31.6,102.0,cafe,mid_range,3,3,beach,1,2282.2,1,taxi,4071.36
Mumbai,96.5,car,19.9,102.0,veg,fine_dining,2,2,beach,0,0.0,1,public_transport,2327.74
Hyderabad,176.6,car,15.5,102.0,fast_food,budget,3,2,adventure,1,4398.54,2,public_transport,7659.51
Jaipur,148.7,bike,41.7,102.0,fast_food,mid_range,3,1,sightseeing,0,0.0,4,public_transport,5187.82
Jaipur,128.4,ev,0.16,8.5,non_veg,budget,3,2,adventure,0,0.0,1,rental_vehicle,1207.05
Chennai,69.1,ev,0.11,8.5,veg,mid_range,3,4,adventure,0,0.0,1,taxi,1981.52
Bengaluru,175.7,car,20.9,102.0,non_veg,budget,2,2,sightseeing,1,3006.05,2,personal_vehicle,5563.18
Delhi,115.0,ev,0.13,8.5,non_veg,mid_range,3,3,beach,0,0.0,2,rental_vehicle,3327.85
Hyderabad,139.4,bike,34.3,102.0,cafe,fine_dining,3,4,adventure,0,0.0,2,public_transport,6016.4
Kochi,165.3,car,17.5,102.0,fast_food,mid_range,3,3,museum,0,0.0,1,personal_vehicle,2252.33
Kochi,63.7,car,20.0,102.0,veg,mid_range,3,1,entertainment,0,0.0,1,personal_vehicle,1580.41
Kochi,171.4,bike,36.2,102.0,veg,mid_range,3,1,shopping,0,0.0,2,public_transport,2778.59
Goa,195.5,ev,0.18,8.5,non_veg,mid_range,2,3,adventure,1,1679.2,2,rental_vehicle,4675.62
Kochi,21.9,bike,31.0,102.0,veg,mid_range,2,4,cafe_hopping,0,0.0,4,personal_vehicle,5170.79
Hyderabad,182.5,ev,0.19,8.5,veg,mid_range,2,2,adventure,0,0.0,1,public_transport,1354.18
Chennai,195.1,scooter,51.8,102.0,local_cuisine,budget,2,2,adventure,1,4372.82,1,taxi,5862.32
Chennai,117.5,bike,46.9,102.0,cafe,budget,3,3,cafe_hopping,0,0.0,1,taxi,1648.06
Bengaluru,191.1,scooter,49.5,102.0,fast_food,budget,2,2,shopping,0,0.0,2,personal_vehicle,1742.33
Chennai,100.4,car,13.0,102.0,veg,mid_range,3,2,cafe_hopping,1,2382.46,2,taxi,5871.22
Delhi,132.5,car,20.3,102.0,non_veg,mid_range,2,5,cafe_hopping,0,0.0,1,rental_vehicle,2206.05
Bengaluru,80.5,ev,0.13,8.5,fast_food,mid_range,3,2,cafe_hopping,0,0.0,2,personal_vehicle,2872.91
Hyderabad,26.6,car,21.1,102.0,cafe,budget,3,1,shopping,0,0.0,4,public_transport,2695.78
Hyderabad,165.2,scooter,50.4,102.0,local_cuisine,budget,2,2,beach,1,1898.58,3,rental_vehicle,4438.14
Kochi,123.3,car,13.9,102.0,local_cuisine,budget,2,5,museum,1,1407.22,1,taxi,3702.06
Jaipur,97.7,ev,0.14,8.5,local_cuisine,budget,3,5,shopping,1,867.34,3,personal_vehicle,4392.12
Jaipur,75.5,scooter,46.5,102.0,non_veg,mid_range,3,4,shopping,1,1562.26,2,rental_vehicle,4936.28
Mumbai,22.6,bike,40.0,102.0,local_cuisine,budget,3,4,cafe_hopping,1,2193.57,2,rental_vehicle,4883.72
Kochi,138.8,car,12.0,102.0,fast_food,budget,4,1,adventure,0,0.0,1,public_transport,1995.62
Delhi,148.1,ev,0.12,8.5,veg,fine_dining,3,4,museum,0,0.0,1,rental_vehicle,3095.66
Goa,154.1,car,13.0,102.0,cafe,mid_range,3,2,cafe_hopping,0,0.0,2,rental_vehicle,3875.32
Kochi,135.5,bike,37.7,102.0,veg,budget,3,5,entertainment,0,0.0,1,taxi,1876.8
Chennai,31.2,scooter,53.9,102.0,cafe,mid_range,3,3,beach,1,4347.95,3,personal_vehicle,8335.8
Kochi,23.8,ev,0.18,8.5,veg,mid_range,4,2,sightseeing,0,0.0,1,public_transport,1675.31
Hyderabad,166.7,scooter,43.5,102.0,fast_food,mid_range,3,5,beach,1,1429.86,1,taxi,3908.63
Bengaluru,16.1,scooter,43.1,102.0,veg,mid_range,3,1,beach,0,0.0,1,rental_vehicle,1459.74
Mumbai,62.7,ev,0.17,8.5,local_cuisine,budget,3,5,shopping,0,0.0,2,public_transport,2561.89
Bengaluru,92.3,ev,0.12,8.5,cafe,budget,3,1,sightseeing,0,0.0,1,rental_vehicle,1056.94
Mumbai,92.9,bike,33.4,102.0,veg,budget,3,3,cafe_hopping,1,4117.09,3,public_transport,7483.09
Kochi,190.1,car,13.9,102.0,fast_food,budget,2,4,cafe_hopping,0,0.0,2,public_transport,3212.03
Goa,194.2,car,18.0,102.0,non_veg,fine_dining,4,2,beach,0,0.0,4,rental_vehicle,14018.11
Mumbai,77.0,bike,42.4,102.0,cafe,mid_range,3,5,cafe_hopping,0,0.0,1,rental_vehicle,2048.4
Chennai,51.8,bike,37.6,102.0,non_veg,budget,3,1,museum,0,0.0,1,taxi,1219.06
Delhi,43.7,bike,48.6,102.0,local_cuisine,budget,3,5,museum,1,2650.34,1,rental_vehicle,4113.22
Bengaluru,117.6,bike,35.6,102.0,fast_food,mid_range,3,4,shopping,0,0.0,1,personal_vehicle,1846.96
Mumbai,72.0,scooter,46.9,102.0,cafe,budget,3,1,sightseeing,0,0.0,2,taxi,1815.7
Chennai,18.4,bike,46.2,102.0,local_cuisine,mid_range,3,3,shopping,0,0.0,1,rental_vehicle,1654.56
Kochi,181.2,bike,48.7,102.0,cafe,mid_range,2,1,adventure,0,0.0,4,taxi,3979.91
Bengaluru,82.5,ev,0.19,8.5,local_cuisine,budget,3,5,adventure,0,0.0,2,public_transport,2561.5
Jaipur,112.1,scooter,40.3,102.0,non_veg,fine_dining,3,1,sightseeing,0,0.0,3,public_transport,7264.52
Bengaluru,135.1,scooter,46.5,102.0,local_cuisine,budget,3,4,shopping,1,1443.06,1,public_transport,2864.02
Hyderabad,53.9,bike,48.8,102.0,local_cuisine,budget,3,2,cafe_hopping,1,2319.5,1,taxi,3551.58
Bengaluru,117.4,scooter,49.7,102.0,local_cuisine,budget,4,2,adventure,1,3389.15,1,personal_vehicle,4210.27
Bengaluru,148.0,car,21.6,102.0,non_veg,mid_range,3,5,beach,1,1824.09,2,rental_vehicle,5950.91
Bengaluru,48.9,scooter,44.9,102.0,veg,fine_dining,3,5,adventure,0,0.0,1,taxi,3460.41
Bengaluru,66.1,scooter,46.5,102.0,fast_food,mid_range,3,1,adventure,0,0.0,2,public_transport,2717.49
Bengaluru,162.0,ev,0.18,8.5,local_cuisine,budget,3,5,cafe_hopping,0,0.0,2,public_transport,2429.22
Goa,109.9,bike,35.6,102.0,fast_food,budget,2,5,cafe_hopping,0,0.0,1,taxi,1683.3
Delhi,110.2,car,18.0,102.0,local_cuisine,budget,3,1,museum,0,0.0,3,rental_vehicle,2953.3
Kochi,46.5,scooter,50.4,102.0,fast_food,mid_range,2,1,beach,0,0.0,1,public_transport,1019.1
Hyderabad,94.4,scooter,44.0,102.0,cafe,fine_dining,2,1,beach,1,3815.01,4,public_transport,9946.58
Bengaluru,56.6,bike,33.3,102.0,local_cuisine,mid_range,3,2,shopping,1,3342.92,1,rental_vehicle,5203.61
Jaipur,40.7,car,12.5,102.0,fast_food,mid_range,4,2,beach,0,0.0,1,public_transport,2031.49
Bengaluru,34.5,scooter,50.1,102.0,local_cuisine,budget,3,4,entertainment,0,0.0,4,taxi,4535.14
Jaipur,168.5,scooter,40.7,102.0,non_veg,budget,4,1,adventure,1,3453.98,1,personal_vehicle,4935.94
Mumbai,181.0,scooter,45.2,102.0,veg,mid_range,3,1,entertainment,0,0.0,1,personal_vehicle,1613.7
Bengaluru,22.1,bike,44.8,102.0,cafe,mid_range,3,1,shopping,0,0.0,1,rental_vehicle,1486.03
Mumbai,85.2,ev,0.1,8.5,fast_food,budget,3,4,entertainment,0,0.0,1,rental_vehicle,1353.84
Goa,178.3,scooter,43.1,102.0,non_veg,fine_dining,3,4,shopping,1,1390.68,1,rental_vehicle,4756.17
Delhi,166.1,ev,0.19,8.5,veg,mid_range,3,3,entertainment,0,0.0,1,public_transport,1836.7
Goa,99.8,bike,34.0,102.0,veg,budget,3,3,adventure,0,0.0,1,taxi,1733.49
Goa,178.8,car,21.9,102.0,local_cuisine,mid_range,3,4,sightseeing,0,0.0,1,public_transport,2266.89
Goa,121.9,scooter,46.8,102.0,non_veg,mid_range,2,4,cafe_hopping,0,0.0,2,rental_vehicle,2936.76
Jaipur,187.9,car,18.6,102.0,local_cuisine,mid_range,3,3,shopping,0,0.0,2,personal_vehicle,4262.53
Mumbai,82.5,ev,0.16,8.5,non_veg,budget,3,1,adventure,1,1333.4,3,personal_vehicle,3454.27
Jaipur,122.4,ev,0.2,8.5,cafe,mid_range,3,3,cafe_hopping,1,1723.82,2,rental_vehicle,5040.85
Delhi,94.3,car,12.7,102.0,cafe,fine_dining,2,1,entertainment,1,3753.35,2,rental_vehicle,7529.31
Bengaluru,128.2,scooter,46.8,102.0,non_veg,mid_range,3,2,entertainment,0,0.0,1,rental_vehicle,1850.5
Jaipur,98.7,ev,0.18,8.5,veg,mid_range,3,2,shopping,0,0.0,4,personal_vehicle,5128.39
Jaipur,53.0,car,19.6,102.0,fast_food,mid_range,3,3,adventure,0,0.0,1,public_transport,1827.96
Mumbai,38.8,ev,0.13,8.5,veg,budget,3,3,entertainment,1,4126.39,1,personal_vehicle,5127.29
Goa,173.8,bike,34.4,102.0,local_cuisine,mid_range,3,5,adventure,0,0.0,1,taxi,2586.28
Kochi,159.9,scooter,42.0,102.0,local_cuisine,budget,3,2,entertainment,0,0.0,1,personal_vehicle,1266.31
Jaipur,134.2,ev,0.16,8.5,local_cuisine,mid_range,3,4,entertainment,0,0.0,1,public_transport,1747.83
Bengaluru,119.2,scooter,41.1,102.0,fast_food,budget,3,5,sightseeing,0,0.0,1,personal_vehicle,1561.6
Chennai,160.2,scooter,52.9,102.0,cafe,mid_range,3,1,beach,1,1749.93,1,public_transport,3300.21
Goa,142.5,bike,43.9,102.0,fast_food,budget,3,2,shopping,1,2382.14,3,personal_vehicle,5266.57
Jaipur,186.6,bike,43.9,102.0,non_veg,mid_range,4,1,shopping,0,0.0,2,personal_vehicle,3495.1
Kochi,195.8,scooter,53.4,102.0,veg,budget,2,4,adventure,0,0.0,3,personal_vehicle,3122.01
Jaipur,92.1,scooter,41.8,102.0,fast_food,mid_range,3,1,cafe_hopping,0,0.0,1,rental_vehicle,1631.17
Delhi,195.0,ev,0.12,8.5,non_veg,mid_range,2,4,cafe_hopping,0,0.0,3,public_transport,4110.31
Delhi,116.3,scooter,45.9,102.0,non_veg,budget,2,3,sightseeing,0,0.0,4,public_transport,3274.22
Mumbai,148.2,bike,44.0,102.0,cafe,budget,3,5,cafe_hopping,0,0.0,1,public_transport,1541.9
Mumbai,40.5,ev,0.11,8.5,fast_food,mid_range,3,3,entertainment,1,4180.82,3,public_transport,8872.88
Jaipur,12.7,car,18.2,102.0,fast_food,budget,3,5,sightseeing,1,2751.82,1,taxi,4584.68
Chennai,182.4,car,18.7,102.0,fast_food,mid_range,3,4,cafe_hopping,0,0.0,1,rental_vehicle,2768.78
Chennai,48.9,scooter,46.6,102.0,cafe,mid_range,3,4,shopping,1,978.5,1,rental_vehicle,2741.99
Goa,83.4,bike,35.1,102.0,fast_food,mid_range,3,5,beach,0,0.0,2,personal_vehicle,3693.76
Kochi,47.6,ev,0.19,8.5,fast_food,mid_range,3,1,adventure,0,0.0,4,public_transport,4792.05
Goa,29.7,scooter,43.7,102.0,non_veg,mid_range,3,5,cafe_hopping,0,0.0,3,rental_vehicle,5304.63
Chennai,23.3,scooter,44.6,102.0,non_veg,budget,3,1,beach,0,0.0,3,public_transport,2136.49
Jaipur,63.0,car,15.6,102.0,cafe,mid_range,2,2,cafe_hopping,0,0.0,3,public_transport,3369.19
Jaipur,73.7,bike,37.0,102.0,fast_food,mid_range,4,4,beach,0,0.0,1,public_transport,2162.5
Mumbai,140.3,bike,40.4,102.0,local_cuisine,fine_dining,3,4,shopping,1,1522.49,2,personal_vehicle,7223.28
Jaipur,59.1,ev,0.16,8.5,veg,mid_range,3,1,museum,0,0.0,1,rental_vehicle,1459.39
Mumbai,60.8,bike,47.2,102.0,local_cuisine,fine_dining,3,2,beach,1,2660.42,1,rental_vehicle,5804.43
Kochi,14.0,car,18.0,102.0,veg,mid_range,4,5,cafe_hopping,1,3367.75,1,public_transport,5492.51
Chennai,119.0,car,12.2,102.0,non_veg,budget,3,5,museum,0,0.0,1,taxi,2892.92
Kochi,13.0,car,18.1,102.0,non_veg,mid_range,3,2,adventure,0,0.0,2,rental_vehicle,2741.78
Chennai,64.9,car,13.6,102.0,non_veg,budget,2,5,shopping,1,1072.39,1,public_transport,2790.48
Hyderabad,134.2,bike,36.6,102.0,veg,mid_range,3,5,adventure,0,0.0,3,personal_vehicle,5645.89
Goa,197.1,scooter,42.2,102.0,local_cuisine,mid_range,3,5,entertainment,0,0.0,1,public_transport,2163.45
Goa,62.3,car,15.5,102.0,cafe,budget,3,4,beach,0,0.0,1,rental_vehicle,1731.65
Delhi,94.0,bike,46.0,102.0,fast_food,budget,2,4,adventure,1,1841.92,1,personal_vehicle,2754.88
Goa,142.0,car,17.3,102.0,cafe,fine_dining,3,4,shopping,1,3519.93,1,taxi,7595.9
Bengaluru,158.8,scooter,40.2,102.0,non_veg,budget,3,5,beach,0,0.0,1,taxi,1814.52
Mumbai,152.5,scooter,40.9,102.0,cafe,budget,2,3,museum,0,0.0,1,taxi,1561.41
Goa,59.0,bike,32.3,102.0,cafe,mid_range,3,1,adventure,0,0.0,1,rental_vehicle,1596.99
Kochi,21.5,scooter,42.3,102.0,fast_food,budget,3,2,museum,0,0.0,2,rental_vehicle,1815.78
Goa,135.4,bike,49.5,102.0,veg,fine_dining,2,3,shopping,0,0.0,2,public_transport,4129.74
Bengaluru,173.5,car,19.0,102.0,local_cuisine,budget,3,1,shopping,0,0.0,1,public_transport,1702.85
Chennai,175.4,ev,0.11,8.5,local_cuisine,budget,3,3,sightseeing,1,4042.3,1,rental_vehicle,5358.19
Bengaluru,116.8,car,19.9,102.0,local_cuisine,budget,3,3,cafe_hopping,0,0.0,1,public_transport,1597.19
Kochi,28.8,car,18.4,102.0,local_cuisine,mid_range,3,5,cafe_hopping,0,0.0,2,rental_vehicle,3803.83
Delhi,58.7,car,20.6,102.0,cafe,mid_range,2,2,entertainment,0,0.0,3,public_transport,3376.22
Kochi,109.7,scooter,41.2,102.0,fast_food,mid_range,3,1,museum,1,2433.57,2,public_transport,5198.23
Bengaluru,11.7,bike,44.1,102.0,fast_food,mid_range,3,5,shopping,0,0.0,2,rental_vehicle,3737.76
Goa,38.4,car,17.1,102.0,cafe,mid_range,3,4,adventure,0,0.0,2,public_transport,3644.51
Kochi,90.8,bike,38.5,102.0,fast_food,fine_dining,3,4,entertainment,0,0.0,1,rental_vehicle,3090.16
Delhi,62.7,ev,0.11,8.5,fast_food,mid_range,3,3,cafe_hopping,0,0.0,3,personal_vehicle,4315.39
Chennai,83.3,bike,33.4,102.0,veg,budget,3,3,cafe_hopping,0,0.0,2,personal_vehicle,2177.12
Chennai,179.7,car,12.3,102.0,veg,mid_range,3,3,adventure,0,0.0,4,personal_vehicle,7450.14
Kochi,54.8,car,12.7,102.0,fast_food,budget,3,3,sightseeing,1,958.86,1,personal_vehicle,2287.58
Kochi,91.9,scooter,47.1,102.0,cafe,fine_dining,3,2,cafe_hopping,0,0.0,1,personal_vehicle,2800.51
Goa,157.4,car,18.9,102.0,fast_food,budget,3,5,museum,1,4346.85,1,public_transport,7100.15
Mumbai,174.1,bike,38.2,102.0,non_veg,budget,2,1,sightseeing,0,0.0,4,public_transport,2567.96
Goa,96.9,scooter,42.9,102.0,fast_food,fine_dining,4,2,beach,1,2361.05,3,taxi,12387.14
Hyderabad,156.5,car,14.7,102.0,fast_food,budget,3,3,museum,0,0.0,1,public_transport,2127.31
Delhi,189.4,car,16.6,102.0,fast_food,mid_range,3,5,entertainment,1,2735.76,4,taxi,11431.82
Jaipur,170.3,car,16.5,102.0,cafe,budget,4,5,cafe_hopping,0,0.0,2,public_transport,3808.56
Chennai,149.8,ev,0.1,8.5,local_cuisine,mid_range,3,3,beach,1,916.98,2,taxi,4472.89
Jaipur,17.2,bike,48.0,102.0,non_veg,mid_range,3,5,entertainment,0,0.0,2,taxi,3625.65
Hyderabad,162.0,ev,0.16,8.5,cafe,mid_range,3,1,museum,1,4386.2,1,personal_vehicle,6230.99
Chennai,112.3,bike,39.9,102.0,non_veg,budget,3,4,museum,0,0.0,2,personal_vehicle,2193.58
Hyderabad,14.0,car,18.3,102.0,veg,budget,3,3,shopping,0,0.0,3,public_transport,2876.14
Jaipur,57.2,ev,0.18,8.5,cafe,budget,4,2,cafe_hopping,0,0.0,1,personal_vehicle,1073.05
Hyderabad,173.5,ev,0.14,8.5,non_veg,mid_range,3,2,museum,1,2146.5,1,rental_vehicle,3703.54
Jaipur,198.7,ev,0.13,8.5,cafe,fine_dining,3,1,entertainment,1,1120.71,3,rental_vehicle,8379.63
Bengaluru,194.9,car,16.2,102.0,cafe,budget,3,2,cafe_hopping,0,0.0,1,public_transport,2116.12
Chennai,17.6,bike,32.1,102.0,cafe,budget,3,2,entertainment,1,1979.2,2,public_transport,3400.56
Goa,152.8,scooter,53.5,102.0,veg,mid_range,2,1,adventure,1,895.64,4,public_transport,4573.67
Chennai,170.2,scooter,41.6,102.0,non_veg,budget,3,4,sightseeing,0,0.0,4,taxi,5218.41
Jaipur,68.7,ev,0.12,8.5,cafe,mid_range,3,3,museum,0,0.0,2,personal_vehicle,2920.97
Delhi,93.7,bike,31.2,102.0,veg,mid_range,3,1,museum,1,2038.97,4,public_transport,6795.08
Goa,170.9,scooter,45.3,102.0,cafe,mid_range,3,3,beach,1,4382.93,2,taxi,8129.53
Bengaluru,118.4,ev,0.15,8.5,veg,mid_range,3,2,sightseeing,0,0.0,1,rental_vehicle,1669.36
Kochi,155.5,ev,0.15,8.5,local_cuisine,mid_range,2,1,museum,0,0.0,1,rental_vehicle,1382.78
Kochi,31.3,car,16.2,102.0,local_cuisine,budget,4,2,sightseeing,0,0.0,1,taxi,1579.62
Hyderabad,115.6,car,18.6,102.0,local_cuisine,fine_dining,4,5,adventure,0,0.0,1,personal_vehicle,4208.83
Goa,13.3,bike,45.4,102.0,non_veg,mid_range,3,4,beach,0,0.0,3,public_transport,4672.35
Mumbai,75.8,car,13.4,102.0,fast_food,mid_range,3,1,sightseeing,0,0.0,2,personal_vehicle,3064.35
Goa,46.5,car,13.9,102.0,cafe,budget,3,5,cafe_hopping,1,1961.13,1,personal_vehicle,3720.5
Bengaluru,81.3,scooter,51.8,102.0,cafe,fine_dining,3,5,cafe_hopping,0,0.0,1,taxi,3385.22
Goa,147.4,scooter,50.2,102.0,local_cuisine,mid_range,3,4,shopping,0,0.0,4,taxi,6552.64
Bengaluru,42.3,bike,41.1,102.0,fast_food,budget,3,4,beach,0,0.0,2,rental_vehicle,2425.59
Bengaluru,17.0,scooter,48.3,102.0,local_cuisine,mid_range,3,2,entertainment,0,0.0,2,taxi,3124.36
Hyderabad,75.6,ev,0.17,8.5,non_veg,fine_dining,2,4,entertainment,1,3111.74,1,taxi,5623.38
Hyderabad,33.6,scooter,49.7,102.0,non_veg,mid_range,3,1,adventure,0,0.0,2,personal_vehicle,2316.66
Bengaluru,163.5,scooter,46.1,102.0,cafe,mid_range,3,2,shopping,1,2422.15,1,public_transport,4584.19
Bengaluru,160.7,bike,42.3,102.0,non_veg,budget,3,5,beach,0,0.0,2,rental_vehicle,3221.12
Bengaluru,33.8,bike,41.5,102.0,veg,mid_range,2,2,adventure,0,0.0,3,personal_vehicle,3259.55
Goa,163.1,scooter,43.7,102.0,fast_food,mid_range,3,3,cafe_hopping,1,2995.9,1,taxi,5717.98
Hyderabad,40.3,ev,0.15,8.5,non_veg,mid_range,2,1,sightseeing,0,0.0,2,rental_vehicle,2167.48
Jaipur,195.8,car,16.6,102.0,cafe,mid_range,3,5,adventure,1,2316.67,2,personal_vehicle,6644.86
Hyderabad,149.8,ev,0.19,8.5,non_veg,fine_dining,3,1,entertainment,0,0.0,4,personal_vehicle,9917.57
Bengaluru,109.5,car,21.3,102.0,fast_food,mid_range,3,4,cafe_hopping,0,0.0,2,personal_vehicle,3525.47
Hyderabad,182.8,car,21.7,102.0,fast_food,fine_dining,2,2,museum,0,0.0,2,taxi,4627.17
Jaipur,75.2,ev,0.13,8.5,fast_food,mid_range,3,5,cafe_hopping,1,1886.27,2,taxi,5215.97
Delhi,165.1,bike,35.6,102.0,local_cuisine,budget,3,2,adventure,1,3773.89,1,rental_vehicle,5345.93
Jaipur,164.0,car,16.1,102.0,local_cuisine,mid_range,3,2,entertainment,0,0.0,1,taxi,2870.4
Hyderabad,120.1,scooter,50.2,102.0,cafe,budget,4,3,entertainment,0,0.0,3,public_transport,3692.93
Goa,152.4,bike,47.9,102.0,fast_food,fine_dining,3,1,beach,1,1852.88,2,taxi,7082.49
Mumbai,18.1,scooter,51.1,102.0,fast_food,mid_range,2,1,museum,0,0.0,1,public_transport,945.85
Chennai,47.9,bike,30.5,102.0,non_veg,mid_range,2,1,sightseeing,0,0.0,1,public_transport,1141.4
Delhi,175.0,ev,0.19,8.5,veg,mid_range,2,4,sightseeing,1,1496.23,1,rental_vehicle,3223.82
Bengaluru,121.4,ev,0.14,8.5,local_cuisine,budget,3,1,entertainment,1,908.27,1,personal_vehicle,1735.91
Delhi,31.8,scooter,48.2,102.0,non_veg,mid_range,3,1,museum,1,1997.75,2,taxi,4826.45
Goa,121.9,ev,0.19,8.5,local_cuisine,budget,4,4,entertainment,0,0.0,2,rental_vehicle,2883.36
Mumbai,189.3,scooter,52.5,102.0,cafe,budget,3,3,cafe_hopping,0,0.0,1,public_transport,1347.9
Goa,36.1,ev,0.19,8.5,cafe,mid_range,3,5,beach,0,0.0,1,public_transport,1740.3
Kochi,146.0,bike,32.7,102.0,local_cuisine,budget,3,3,beach,1,1386.04,2,public_transport,4009.81
Jaipur,137.6,scooter,49.0,102.0,veg,fine_dining,3,2,beach,0,0.0,2,personal_vehicle,5013.55
Kochi,59.2,bike,40.7,102.0,fast_food,mid_range,3,1,entertainment,1,3270.7,3,personal_vehicle,6902.11
Mumbai,120.2,car,14.0,102.0,veg,mid_range,3,3,shopping,0,0.0,2,taxi,4382.57
Goa,59.0,car,18.7,102.0,veg,budget,2,3,beach,1,2533.62,3,personal_vehicle,5104.85
Goa,107.2,car,18.4,102.0,veg,mid_range,3,5,cafe_hopping,0,0.0,2,rental_vehicle,3845.76
Bengaluru,134.3,ev,0.12,8.5,cafe,mid_range,4,3,entertainment,1,3053.6,3,taxi,8966.34
Chennai,99.7,bike,47.6,102.0,fast_food,mid_range,2,1,shopping,1,3452.81,2,public_transport,5917.77
Mumbai,104.2,car,18.3,102.0,local_cuisine,budget,3,4,shopping,0,0.0,1,public_transport,1663.75
Goa,38.7,scooter,40.3,102.0,fast_food,budget,3,4,shopping,1,3587.2,2,personal_vehicle,5718.31
Hyderabad,52.7,car,12.4,102.0,non_veg,budget,3,1,adventure,1,2554.04,4,rental_vehicle,5936.56
Bengaluru,115.4,ev,0.11,8.5,non_veg,mid_range,3,3,adventure,0,0.0,1,personal_vehicle,1602.92
Bengaluru,177.7,scooter,41.9,102.0,local_cuisine,mid_range,3,2,sightseeing,1,831.4,1,taxi,2913.26
Kochi,137.4,scooter,41.6,102.0,veg,mid_range,3,3,beach,0,0.0,1,public_transport,1898.24
Mumbai,49.4,bike,36.8,102.0,veg,fine_dining,4,3,shopping,1,3250.19,1,public_transport,6364.27
Bengaluru,187.4,scooter,50.7,102.0,local_cuisine,budget,4,3,sightseeing,1,3618.22,4,public_transport,8371.36
Bengaluru,191.3,scooter,51.1,102.0,veg,mid_range,3,1,cafe_hopping,0,0.0,1,public_transport,1593.41
Kochi,110.5,bike,36.6,102.0,cafe,budget,2,5,entertainment,0,0.0,2,rental_vehicle,2701.24
Goa,190.8,car,12.8,102.0,fast_food,budget,3,4,sightseeing,0,0.0,2,taxi,3967.63
Bengaluru,12.0,scooter,41.3,102.0,cafe,mid_range,3,3,cafe_hopping,0,0.0,2,public_transport,2854.87
Chennai,179.4,ev,0.19,8.5,local_cuisine,mid_range,2,4,shopping,0,0.0,1,public_transport,1537.53
Delhi,86.2,bike,49.9,102.0,fast_food,budget,2,5,entertainment,0,0.0,3,personal_vehicle,3339.07
Goa,173.5,car,13.9,102.0,non_veg,mid_range,3,1,cafe_hopping,1,2519.99,4,taxi,8692.13
Goa,181.9,ev,0.18,8.5,fast_food,mid_range,3,5,beach,0,0.0,1,rental_vehicle,2171.1
Kochi,100.0,car,19.1,102.0,cafe,mid_range,3,1,entertainment,0,0.0,1,rental_vehicle,2036.09
Jaipur,47.4,bike,42.2,102.0,non_veg,mid_range,3,2,sightseeing,0,0.0,1,personal_vehicle,1480.33
Bengaluru,187.9,bike,36.0,102.0,fast_food,budget,2,2,beach,1,2139.95,2,personal_vehicle,4196.17
Goa,102.3,ev,0.12,8.5,local_cuisine,budget,4,2,shopping,1,4205.11,1,rental_vehicle,5547.4
Jaipur,179.2,car,21.7,102.0,veg,mid_range,3,1,entertainment,1,1694.01,2,taxi,5216.52
Kochi,193.0,car,15.9,102.0,veg,budget,3,1,sightseeing,1,1393.35,2,taxi,4222.66
Mumbai,63.0,ev,0.18,8.5,fast_food,budget,3,3,sightseeing,0,0.0,2,rental_vehicle,2209.78
Chennai,50.5,car,14.3,102.0,local_cuisine,mid_range,2,1,shopping,0,0.0,1,personal_vehicle,1168.75
Chennai,16.3,bike,38.6,102.0,cafe,budget,3,3,cafe_hopping,0,0.0,1,personal_vehicle,987.51
Goa,14.2,car,17.6,102.0,fast_food,mid_range,3,2,adventure,1,1309.87,2,rental_vehicle,4330.77
Hyderabad,128.8,bike,36.4,102.0,local_cuisine,mid_range,3,1,entertainment,0,0.0,3,rental_vehicle,4386.29
Jaipur,10.8,bike,33.0,102.0,fast_food,mid_range,3,5,cafe_hopping,1,2270.83,1,rental_vehicle,4137.32
Chennai,144.4,ev,0.1,8.5,veg,fine_dining,3,3,museum,0,0.0,1,personal_vehicle,2787.68
Jaipur,38.4,ev,0.13,8.5,non_veg,mid_range,3,3,adventure,0,0.0,2,public_transport,3080.93
Chennai,104.8,scooter,42.9,102.0,local_cuisine,budget,3,2,entertainment,0,0.0,1,public_transport,1186.4
Hyderabad,115.8,bike,41.1,102.0,fast_food,budget,2,1,shopping,0,0.0,1,public_transport,855.41
Hyderabad,187.7,scooter,42.5,102.0,local_cuisine,budget,3,1,sightseeing,1,3003.36,2,personal_vehicle,5247.84
Goa,21.5,ev,0.15,8.5,fast_food,mid_range,2,4,adventure,0,0.0,2,taxi,2895.88
Mumbai,93.2,scooter,43.0,102.0,non_veg,mid_range,3,1,adventure,1,1655.68,1,public_transport,3124.94
Bengaluru,184.7,ev,0.12,8.5,veg,budget,4,1,cafe_hopping,1,4392.48,1,personal_vehicle,5605.17
Delhi,117.0,scooter,49.2,102.0,non_veg,mid_range,2,4,adventure,0,0.0,4,personal_vehicle,5277.36
Delhi,125.1,bike,37.7,102.0,veg,budget,2,1,beach,0,0.0,1,public_transport,1007.18
Hyderabad,115.0,ev,0.16,8.5,cafe,mid_range,3,5,museum,0,0.0,3,public_transport,5291.31
Chennai,23.9,car,21.4,102.0,non_veg,budget,3,4,sightseeing,0,0.0,2,rental_vehicle,2517.66
Chennai,131.5,ev,0.15,8.5,local_cuisine,budget,3,4,museum,1,824.01,4,public_transport,5041.51
Jaipur,171.1,car,19.9,102.0,cafe,mid_range,3,3,beach,0,0.0,1,taxi,2673.35
Mumbai,60.1,scooter,42.3,102.0,cafe,mid_range,3,2,adventure,1,3009.26,1,public_transport,4797.17
Mumbai,80.6,bike,42.9,102.0,non_veg,budget,2,5,sightseeing,0,0.0,1,personal_vehicle,1233.41
Chennai,180.4,car,20.0,102.0,cafe,mid_range,3,5,cafe_hopping,0,0.0,1,rental_vehicle,3003.69
Bengaluru,107.8,bike,49.1,102.0,cafe,mid_range,2,5,entertainment,0,0.0,1,personal_vehicle,1611.25
Delhi,161.0,car,14.5,102.0,veg,budget,3,1,museum,0,0.0,1,personal_vehicle,1782.76
Bengaluru,85.3,bike,30.3,102.0,local_cuisine,mid_range,3,1,cafe_hopping,1,1222.89,1,taxi,3163.5
Mumbai,48.3,scooter,52.1,102.0,fast_food,mid_range,3,2,shopping,1,3319.62,2,personal_vehicle,5642.74
Hyderabad,149.8,scooter,48.6,102.0,cafe,fine_dining,3,3,entertainment,1,4499.72,1,rental_vehicle,7723.94
Mumbai,148.9,bike,39.5,102.0,cafe,mid_range,3,4,adventure,0,0.0,1,personal_vehicle,1960.79
Kochi,195.7,bike,33.9,102.0,local_cuisine,budget,3,3,shopping,0,0.0,3,taxi,3854.39
Bengaluru,89.0,bike,48.8,102.0,veg,mid_range,2,4,sightseeing,0,0.0,1,taxi,1794.3
Hyderabad,55.6,scooter,43.0,102.0,veg,budget,4,5,sightseeing,0,0.0,1,public_transport,1606.99
Chennai,142.0,ev,0.15,8.5,non_veg,mid_range,3,2,entertainment,0,0.0,1,rental_vehicle,1779.78
Chennai,110.1,bike,46.3,102.0,fast_food,budget,3,2,museum,0,0.0,1,public_transport,1145.5
Mumbai,40.5,ev,0.12,8.5,fast_food,mid_range,3,2,beach,1,1876.61,2,taxi,5049.7
Goa,33.1,scooter,49.3,102.0,veg,mid_range,3,1,shopping,0,0.0,1,public_transport,1323.36
Goa,24.8,bike,30.7,102.0,local_cuisine,fine_dining,2,4,museum,1,1435.01,4,public_transport,9144.98
Bengaluru,144.3,car,19.7,102.0,veg,mid_range,3,4,sightseeing,0,0.0,1,taxi,2768.51
Goa,82.8,scooter,47.6,102.0,cafe,budget,3,2,museum,0,0.0,1,rental_vehicle,1251.03
Delhi,143.9,car,16.7,102.0,cafe,budget,3,3,shopping,0,0.0,1,taxi,2142.32
Mumbai,192.9,bike,46.7,102.0,veg,mid_range,3,1,adventure,1,3266.48,2,rental_vehicle,6531.49
Hyderabad,95.2,ev,0.16,8.5,cafe,mid_range,2,2,cafe_hopping,0,0.0,2,rental_vehicle,2361.04
Kochi,189.1,bike,32.0,102.0,non_veg,budget,3,4,sightseeing,0,0.0,1,rental_vehicle,1933.44
Mumbai,192.3,ev,0.15,8.5,veg,budget,3,5,entertainment,1,4020.33,2,personal_vehicle,6611.04
Bengaluru,166.0,scooter,46.8,102.0,non_veg,budget,3,4,cafe_hopping,0,0.0,1,taxi,1715.93
Delhi,149.2,bike,42.2,102.0,local_cuisine,fine_dining,3,2,adventure,1,1040.03,1,rental_vehicle,4321.46
Delhi,119.2,bike,46.3,102.0,local_cuisine,budget,3,5,beach,1,1906.6,1,taxi,3529.45
Hyderabad,162.5,car,18.3,102.0,veg,mid_range,4,3,entertainment,0,0.0,4,public_transport,7423.4
Chennai,121.9,scooter,40.5,102.0,veg,budget,3,1,shopping,0,0.0,1,public_transport,1102.04
Delhi,36.4,scooter,52.8,102.0,cafe,budget,3,2,entertainment,1,2976.01,1,taxi,4133.15
Goa,74.9,scooter,53.1,102.0,local_cuisine,budget,3,4,shopping,0,0.0,1,personal_vehicle,1224.26
Jaipur,52.4,bike,45.9,102.0,local_cuisine,budget,3,1,museum,1,2092.28,2,personal_vehicle,3708.95
Goa,172.3,bike,44.8,102.0,cafe,budget,3,4,sightseeing,0,0.0,4,rental_vehicle,4393.15
Delhi,128.9,ev,0.12,8.5,cafe,fine_dining,2,1,beach,0,0.0,4,taxi,6997.65
Hyderabad,168.9,car,12.3,102.0,cafe,mid_range,3,5,museum,0,0.0,1,personal_vehicle,3092.61
Hyderabad,66.3,bike,33.1,102.0,non_veg,budget,4,5,entertainment,0,0.0,3,public_transport,4117.28
Bengaluru,80.5,ev,0.16,8.5,non_veg,fine_dining,3,5,museum,0,0.0,1,rental_vehicle,3083.64
Kochi,35.9,scooter,50.2,102.0,local_cuisine,fine_dining,2,5,cafe_hopping,0,0.0,1,taxi,2608.77
Kochi,50.2,ev,0.15,8.5,local_cuisine,fine_dining,3,2,shopping,0,0.0,1,taxi,2858.55
Jaipur,156.0,bike,39.8,102.0,fast_food,mid_range,3,4,shopping,1,2692.61,2,personal_vehicle,5970.06
Kochi,43.7,ev,0.18,8.5,veg,fine_dining,3,1,museum,0,0.0,1,public_transport,2350.04
Hyderabad,70.7,scooter,47.8,102.0,fast_food,budget,3,4,shopping,0,0.0,2,personal_vehicle,2348.93
Mumbai,193.4,car,12.0,102.0,non_veg,budget,4,5,cafe_hopping,0,0.0,1,rental_vehicle,3304.15
Bengaluru,82.2,bike,42.2,102.0,veg,budget,4,1,sightseeing,1,3730.47,4,public_transport,7703.75
Kochi,163.7,scooter,49.9,102.0,fast_food,budget,3,2,cafe_hopping,0,0.0,1,taxi,1407.42
Delhi,156.2,scooter,45.7,102.0,non_veg,mid_range,3,2,entertainment,1,931.24,3,personal_vehicle,5006.22
Hyderabad,155.2,scooter,52.0,102.0,veg,mid_range,3,1,sightseeing,1,2109.82,4,rental_vehicle,7636.69
Bengaluru,14.6,bike,37.5,102.0,non_veg,fine_dining,3,1,sightseeing,1,4258.89,1,taxi,6991.48
Mumbai,26.1,ev,0.19,8.5,local_cuisine,budget,3,1,entertainment,1,2142.19,1,public_transport,2913.01
Kochi,179.3,bike,45.1,102.0,cafe,budget,3,5,shopping,1,1840.95,2,taxi,4555.18
Mumbai,196.2,bike,35.8,102.0,local_cuisine,mid_range,3,5,cafe_hopping,0,0.0,2,personal_vehicle,4003.98
Jaipur,136.1,scooter,47.1,102.0,non_veg,budget,2,4,shopping,0,0.0,1,taxi,1442.32
Kochi,188.0,bike,35.0,102.0,veg,budget,3,1,cafe_hopping,0,0.0,1,taxi,1470.08
Hyderabad,110.3,ev,0.15,8.5,veg,fine_dining,3,2,cafe_hopping,1,4158.03,1,rental_vehicle,7081.96
Hyderabad,131.8,ev,0.14,8.5,fast_food,mid_range,2,3,shopping,0,0.0,1,rental_vehicle,1464.79
Goa,195.8,bike,37.1,102.0,non_veg,fine_dining,3,2,museum,0,0.0,2,public_transport,5369.02
Jaipur,58.0,ev,0.16,8.5,local_cuisine,mid_range,3,2,shopping,1,3155.62,1,rental_vehicle,4757.49
Bengaluru,162.3,ev,0.11,8.5,cafe,budget,3,5,sightseeing,0,0.0,2,taxi,3095.66
Chennai,44.4,car,21.1,102.0,local_cuisine,mid_range,3,4,museum,0,0.0,1,rental_vehicle,1872.23
Hyderabad,168.3,scooter,48.4,102.0,veg,budget,4,4,shopping,0,0.0,2,taxi,3063.66
Mumbai,157.9,car,14.7,102.0,local_cuisine,fine_dining,2,5,shopping,0,0.0,2,personal_vehicle,5142.38
Chennai,193.9,bike,34.9,102.0,fast_food,mid_range,3,4,beach,0,0.0,4,personal_vehicle,6676.73
Chennai,44.1,ev,0.1,8.5,veg,fine_dining,3,2,beach,1,3719.97,4,taxi,14444.06
Chennai,73.4,ev,0.17,8.5,local_cuisine,budget,3,4,shopping,1,4359.12,3,personal_vehicle,7312.33
Goa,196.6,scooter,45.9,102.0,veg,fine_dining,3,2,beach,0,0.0,1,personal_vehicle,2852.71
Jaipur,78.7,ev,0.2,8.5,veg,budget,3,1,entertainment,0,0.0,2,taxi,1886.56
Hyderabad,88.6,car,21.6,102.0,cafe,budget,3,2,adventure,0,0.0,2,public_transport,2138.82
Jaipur,61.6,scooter,42.6,102.0,cafe,mid_range,2,5,adventure,0,0.0,2,personal_vehicle,2963.05
Goa,132.9,bike,49.6,102.0,fast_food,budget,2,2,shopping,1,3650.6,1,taxi,5298.55
Chennai,28.5,bike,48.2,102.0,fast_food,mid_range,3,2,museum,0,0.0,1,taxi,1740.67
Bengaluru,38.4,car,16.4,102.0,veg,mid_range,4,3,sightseeing,0,0.0,2,taxi,4182.24
Jaipur,17.8,bike,34.8,102.0,fast_food,fine_dining,3,3,beach,0,0.0,4,personal_vehicle,10052.42
Delhi,174.2,bike,48.7,102.0,non_veg,budget,3,4,beach,0,0.0,2,taxi,2755.38
Goa,179.0,ev,0.15,8.5,fast_food,mid_range,3,4,cafe_hopping,0,0.0,2,rental_vehicle,3456.75
Bengaluru,33.5,scooter,50.0,102.0,cafe,fine_dining,3,4,adventure,0,0.0,2,rental_vehicle,5803.75
Hyderabad,170.3,car,20.3,102.0,local_cuisine,budget,3,3,shopping,0,0.0,3,taxi,3881.76
Jaipur,72.7,car,16.1,102.0,cafe,budget,3,1,entertainment,0,0.0,2,personal_vehicle,1843.18
Hyderabad,23.9,bike,39.1,102.0,cafe,mid_range,3,2,beach,0,0.0,2,personal_vehicle,2836.52
Bengaluru,68.8,bike,39.5,102.0,cafe,mid_range,3,4,adventure,1,968.37,4,rental_vehicle,8090.09
Kochi,161.2,bike,36.8,102.0,fast_food,fine_dining,3,5,shopping,0,0.0,2,personal_vehicle,6373.28
Bengaluru,125.5,bike,41.3,102.0,cafe,mid_range,4,4,sightseeing,1,4313.87,1,taxi,6519.02
Bengaluru,24.8,ev,0.17,8.5,fast_food,budget,3,1,beach,0,0.0,2,rental_vehicle,1585.58
Goa,111.4,scooter,50.4,102.0,local_cuisine,mid_range,3,4,cafe_hopping,0,0.0,1,personal_vehicle,1872.73
Jaipur,27.7,bike,31.4,102.0,local_cuisine,fine_dining,4,3,adventure,0,0.0,2,taxi,6781.37
Mumbai,38.4,bike,46.8,102.0,cafe,budget,3,3,museum,0,0.0,2,taxi,2378.6
Hyderabad,152.4,car,17.7,102.0,non_veg,budget,3,4,cafe_hopping,0,0.0,1,public_transport,2051.5
Delhi,160.1,car,15.0,102.0,local_cuisine,budget,3,2,adventure,0,0.0,4,public_transport,4323.7
Hyderabad,15.9,car,21.5,102.0,veg,budget,3,3,museum,0,0.0,1,public_transport,1044.67
Kochi,126.3,scooter,40.9,102.0,local_cuisine,budget,3,2,sightseeing,0,0.0,1,personal_vehicle,1051.99
Kochi,93.7,scooter,47.1,102.0,fast_food,mid_range,3,1,shopping,0,0.0,1,personal_vehicle,1442.45
Delhi,192.8,scooter,46.6,102.0,fast_food,fine_dining,3,4,museum,1,3789.97,3,public_transport,12941.77
Bengaluru,13.3,car,15.8,102.0,fast_food,budget,3,5,cafe_hopping,0,0.0,1,taxi,1651.47
Jaipur,171.2,car,16.9,102.0,veg,mid_range,2,3,sightseeing,1,4194.6,2,rental_vehicle,8343.38
Goa,86.6,car,20.2,102.0,non_veg,budget,3,2,entertainment,0,0.0,1,rental_vehicle,1619.02
Mumbai,85.2,bike,36.5,102.0,veg,fine_dining,3,1,shopping,0,0.0,2,public_transport,5063.42
Chennai,109.6,ev,0.17,8.5,non_veg,budget,3,2,entertainment,0,0.0,1,public_transport,1023.22
Mumbai,190.8,ev,0.17,8.5,veg,mid_range,3,3,museum,1,3173.06,2,public_transport,6261.26
Hyderabad,147.3,ev,0.12,8.5,fast_food,budget,3,1,cafe_hopping,1,1544.38,2,rental_vehicle,2963.55
Delhi,19.0,scooter,45.3,102.0,cafe,mid_range,3,3,beach,0,0.0,2,public_transport,2856.24
Mumbai,38.6,car,16.8,102.0,veg,mid_range,3,4,beach,0,0.0,1,personal_vehicle,1814.96
Jaipur,85.2,ev,0.18,8.5,veg,budget,3,3,sightseeing,1,1418.63,1,personal_vehicle,2505.23
Chennai,123.3,scooter,54.2,102.0,local_cuisine,budget,3,1,cafe_hopping,1,2907.63,2,personal_vehicle,4535.75
Bengaluru,140.4,car,14.2,102.0,fast_food,budget,3,2,shopping,1,3570.28,2,rental_vehicle,6688.05
Mumbai,85.0,scooter,50.8,102.0,local_cuisine,mid_range,3,1,cafe_hopping,0,0.0,3,public_transport,3556.47
Bengaluru,42.5,car,21.3,102.0,fast_food,fine_dining,3,4,sightseeing,0,0.0,2,public_transport,5903.63
Delhi,148.6,scooter,47.4,102.0,non_veg,mid_range,2,4,entertainment,1,3256.1,2,rental_vehicle,6169.04
Jaipur,171.8,ev,0.15,8.5,fast_food,mid_range,3,1,shopping,1,4402.35,2,taxi,7583.06
Kochi,150.9,ev,0.18,8.5,non_veg,fine_dining,4,2,entertainment,0,0.0,1,personal_vehicle,3536.62
Delhi,81.1,car,18.3,102.0,local_cuisine,mid_range,3,1,beach,1,2772.39,2,personal_vehicle,5740.27
Delhi,58.5,car,16.6,102.0,veg,fine_dining,3,5,shopping,1,2789.21,2,public_transport,8612.81
Mumbai,46.7,scooter,47.3,102.0,cafe,mid_range,3,5,entertainment,0,0.0,1,taxi,2225.02
Goa,43.7,bike,37.1,102.0,veg,budget,3,2,shopping,1,2888.06,3,taxi,5658.98
Delhi,114.4,car,13.3,102.0,fast_food,fine_dining,3,4,sightseeing,0,0.0,1,public_transport,3676.0
Bengaluru,104.7,ev,0.13,8.5,cafe,mid_range,3,4,beach,0,0.0,1,personal_vehicle,1644.75
Kochi,38.0,scooter,44.3,102.0,local_cuisine,budget,3,1,entertainment,0,0.0,2,rental_vehicle,1669.95
Delhi,112.0,ev,0.14,8.5,veg,budget,3,3,beach,1,4151.68,1,personal_vehicle,5014.9
Kochi,21.8,ev,0.17,8.5,veg,budget,3,4,adventure,1,2386.25,1,taxi,4114.61
Goa,156.9,car,17.5,102.0,local_cuisine,fine_dining,3,4,sightseeing,0,0.0,2,personal_vehicle,6164.0
Mumbai,182.2,ev,0.19,8.5,non_veg,mid_range,3,5,adventure,1,2012.59,1,public_transport,3886.0
Chennai,13.3,ev,0.17,8.5,veg,mid_range,4,1,entertainment,0,0.0,3,rental_vehicle,4724.03
Jaipur,61.0,scooter,45.9,102.0,veg,mid_range,3,5,entertainment,0,0.0,1,taxi,2122.37
Hyderabad,163.4,scooter,47.8,102.0,local_cuisine,mid_range,2,1,cafe_hopping,1,4454.55,2,personal_vehicle,6839.08
Jaipur,63.9,car,17.6,102.0,non_veg,fine_dining,3,4,shopping,1,2086.09,2,taxi,8983.59
Hyderabad,125.2,car,21.4,102.0,local_cuisine,budget,3,3,cafe_hopping,0,0.0,4,personal_vehicle,4270.54
Hyderabad,25.2,ev,0.1,8.5,local_cuisine,budget,4,3,shopping,0,0.0,1,public_transport,1176.37
Jaipur,192.0,scooter,49.3,102.0,fast_food,budget,3,1,shopping,0,0.0,2,rental_vehicle,1973.0
Mumbai,75.0,car,15.1,102.0,local_cuisine,mid_range,3,4,sightseeing,0,0.0,1,personal_vehicle,2088.62
Bengaluru,107.9,car,21.7,102.0,non_veg,fine_dining,2,1,entertainment,1,3834.24,2,personal_vehicle,7740.82
Hyderabad,176.7,scooter,54.6,102.0,veg,fine_dining,3,3,museum,1,3634.85,2,personal_vehicle,9091.81
Bengaluru,167.2,ev,0.17,8.5,local_cuisine,budget,3,3,entertainment,0,0.0,3,taxi,3819.03
Delhi,133.3,bike,39.9,102.0,fast_food,budget,3,4,beach,1,3947.7,1,taxi,5888.76
Bengaluru,66.4,car,14.1,102.0,veg,budget,3,4,shopping,0,0.0,1,taxi,1939.7
Hyderabad,73.9,scooter,42.1,102.0,fast_food,mid_range,3,4,beach,1,2736.05,3,rental_vehicle,7178.18
Delhi,164.9,scooter,52.0,102.0,veg,fine_dining,3,2,cafe_hopping,0,0.0,1,taxi,3126.14
Kochi,66.6,scooter,42.9,102.0,veg,budget,3,4,museum,1,2002.04,2,taxi,4799.29
Kochi,74.4,car,19.8,102.0,veg,mid_range,2,3,museum,0,0.0,2,public_transport,2724.12
Kochi,26.1,car,13.8,102.0,veg,fine_dining,3,4,shopping,0,0.0,1,rental_vehicle,3036.39
Delhi,15.9,ev,0.14,8.5,cafe,mid_range,4,5,beach,1,4110.4,1,public_transport,6196.64
Chennai,192.0,scooter,43.8,102.0,cafe,budget,3,1,adventure,0,0.0,2,taxi,2170.86
Delhi,37.2,bike,40.8,102.0,cafe,fine_dining,3,1,shopping,0,0.0,4,rental_vehicle,10072.67
Delhi,58.7,ev,0.18,8.5,veg,budget,3,4,entertainment,0,0.0,3,public_transport,3420.16
Goa,151.9,bike,40.0,102.0,cafe,budget,3,5,cafe_hopping,0,0.0,1,public_transport,1671.01
Mumbai,16.6,scooter,52.4,102.0,local_cuisine,budget,3,2,entertainment,1,2273.91,1,public_transport,3293.96
Bengaluru,113.3,car,13.2,102.0,cafe,budget,4,4,adventure,0,0.0,1,public_transport,2196.07
Goa,156.3,ev,0.11,8.5,veg,budget,4,4,adventure,0,0.0,1,personal_vehicle,1272.19
Jaipur,167.7,scooter,54.4,102.0,local_cuisine,mid_range,3,3,museum,0,0.0,1,rental_vehicle,1985.97
Hyderabad,68.3,car,18.1,102.0,fast_food,budget,3,4,cafe_hopping,0,0.0,1,personal_vehicle,1395.69
Delhi,17.5,scooter,53.7,102.0,veg,budget,2,3,entertainment,1,2819.48,1,public_transport,3431.12
Bengaluru,80.9,scooter,54.6,102.0,non_veg,mid_range,3,4,entertainment,0,0.0,1,rental_vehicle,1886.5
Chennai,72.8,ev,0.12,8.5,cafe,budget,3,5,shopping,0,0.0,1,rental_vehicle,1419.8
Hyderabad,178.3,bike,44.5,102.0,veg,mid_range,3,1,adventure,1,4049.27,1,personal_vehicle,5705.23
Jaipur,81.7,bike,42.4,102.0,fast_food,budget,2,4,adventure,1,2112.48,1,personal_vehicle,3296.24
Goa,194.6,car,12.8,102.0,fast_food,mid_range,4,3,museum,1,3616.48,2,public_transport,8589.21
Jaipur,51.0,car,19.3,102.0,non_veg,fine_dining,2,5,adventure,0,0.0,1,rental_vehicle,2527.71
Hyderabad,158.2,car,20.9,102.0,non_veg,mid_range,3,2,entertainment,0,0.0,1,rental_vehicle,2401.7
Goa,82.7,car,19.6,102.0,local_cuisine,mid_range,3,2,cafe_hopping,1,3161.12,1,rental_vehicle,4987.66
Goa,121.5,ev,0.15,8.5,non_veg,budget,2,3,beach,1,1247.88,1,personal_vehicle,2054.8
Kochi,78.5,ev,0.13,8.5,local_cuisine,budget,3,3,beach,0,0.0,2,rental_vehicle,2231.72
Bengaluru,56.3,ev,0.12,8.5,local_cuisine,mid_range,3,2,sightseeing,0,0.0,1,personal_vehicle,1321.83
Chennai,92.2,scooter,41.3,102.0,non_veg,budget,2,2,entertainment,1,2261.71,2,rental_vehicle,4024.7
Delhi,117.8,car,17.0,102.0,local_cuisine,budget,3,5,shopping,0,0.0,2,personal_vehicle,3244.56
Hyderabad,156.4,scooter,52.1,102.0,veg,budget,3,2,shopping,0,0.0,1,personal_vehicle,1108.85
Hyderabad,146.8,bike,43.9,102.0,cafe,budget,3,5,adventure,0,0.0,1,public_transport,1530.75
Chennai,103.7,scooter,51.7,102.0,local_cuisine,mid_range,3,3,sightseeing,0,0.0,3,personal_vehicle,4635.39
Chennai,18.1,scooter,43.4,102.0,cafe,budget,3,4,museum,1,4473.58,2,rental_vehicle,6663.31
Chennai,48.7,bike,46.5,102.0,local_cuisine,mid_range,3,2,sightseeing,0,0.0,1,rental_vehicle,1598.46
Hyderabad,153.5,scooter,48.9,102.0,non_veg,budget,3,4,beach,0,0.0,2,public_transport,2420.55
Delhi,153.2,scooter,40.6,102.0,local_cuisine,mid_range,3,1,shopping,0,0.0,1,taxi,2024.15
Hyderabad,22.3,scooter,47.3,102.0,local_cuisine,mid_range,3,5,entertainment,0,0.0,1,personal_vehicle,1808.93
Delhi,184.8,ev,0.14,8.5,cafe,budget,3,2,shopping,0,0.0,3,taxi,2965.64
Kochi,35.8,bike,49.8,102.0,non_veg,mid_range,3,1,cafe_hopping,1,4448.47,1,rental_vehicle,5938.76
Goa,152.5,ev,0.14,8.5,veg,mid_range,3,1,cafe_hopping,0,0.0,1,taxi,1726.53
Hyderabad,90.4,bike,30.1,102.0,local_cuisine,mid_range,2,2,sightseeing,1,2247.54,1,rental_vehicle,4069.94
Bengaluru,37.7,bike,37.2,102.0,veg,budget,3,3,museum,0,0.0,4,public_transport,3797.54
Goa,100.3,bike,40.4,102.0,fast_food,budget,3,5,adventure,1,1338.06,2,personal_vehicle,3921.54
Hyderabad,143.0,scooter,45.0,102.0,veg,budget,3,1,sightseeing,0,0.0,1,rental_vehicle,1106.14
Bengaluru,130.6,car,21.3,102.0,veg,budget,4,1,cafe_hopping,0,0.0,2,public_transport,2539.63
Delhi,101.4,ev,0.19,8.5,cafe,budget,3,5,shopping,0,0.0,1,public_transport,1391.66
Delhi,142.9,scooter,46.1,102.0,non_veg,mid_range,3,1,entertainment,1,4070.5,2,taxi,7363.0
Chennai,84.9,bike,42.7,102.0,local_cuisine,fine_dining,2,1,entertainment,1,2136.62,2,personal_vehicle,5681.31
Goa,96.6,scooter,49.3,102.0,cafe,mid_range,3,5,museum,0,0.0,1,rental_vehicle,2022.87
Bengaluru,149.4,scooter,40.2,102.0,fast_food,budget,2,3,beach,1,3083.18,2,taxi,5129.13
Goa,135.7,bike,46.1,102.0,veg,mid_range,4,4,sightseeing,0,0.0,1,public_transport,2253.33
Bengaluru,159.6,scooter,41.5,102.0,non_veg,budget,3,2,entertainment,1,3956.48,2,personal_vehicle,6177.17
Goa,187.0,bike,42.8,102.0,cafe,budget,3,2,sightseeing,0,0.0,3,taxi,3051.23
Bengaluru,79.0,bike,46.8,102.0,non_veg,budget,3,1,museum,0,0.0,1,taxi,1226.44
Hyderabad,90.1,bike,42.7,102.0,veg,budget,3,5,shopping,1,2167.07,1,rental_vehicle,4035.54
Mumbai,190.6,ev,0.18,8.5,cafe,mid_range,4,5,adventure,0,0.0,1,taxi,2677.16
Bengaluru,176.1,car,16.6,102.0,cafe,mid_range,3,2,entertainment,0,0.0,1,taxi,2794.48
Kochi,166.3,scooter,48.6,102.0,cafe,budget,2,1,entertainment,1,843.78,1,public_transport,1718.42
Goa,37.8,bike,33.9,102.0,non_veg,fine_dining,2,4,beach,0,0.0,1,public_transport,2105.52
Goa,28.3,bike,49.8,102.0,veg,budget,3,1,entertainment,0,0.0,2,personal_vehicle,1526.35
Jaipur,31.9,ev,0.14,8.5,cafe,mid_range,2,3,museum,1,2552.33,1,rental_vehicle,3969.78
Goa,178.2,car,21.7,102.0,local_cuisine,fine_dining,3,4,museum,0,0.0,1,personal_vehicle,3595.33
Kochi,124.1,car,21.5,102.0,veg,mid_range,3,4,shopping,0,0.0,1,public_transport,2229.74
Jaipur,89.3,ev,0.12,8.5,cafe,fine_dining,2,1,entertainment,0,0.0,1,taxi,2194.37
Hyderabad,56.2,scooter,41.4,102.0,veg,mid_range,3,5,cafe_hopping,0,0.0,2,rental_vehicle,3598.91
Goa,131.9,car,18.1,102.0,veg,mid_range,2,2,cafe_hopping,0,0.0,1,taxi,2078.97
Delhi,162.5,ev,0.14,8.5,local_cuisine,mid_range,2,3,sightseeing,1,4298.93,2,personal_vehicle,7259.92
Goa,61.3,ev,0.17,8.5,local_cuisine,fine_dining,3,5,sightseeing,0,0.0,1,personal_vehicle,3069.95
Delhi,169.9,ev,0.12,8.5,fast_food,mid_range,4,3,museum,1,3866.35,1,public_transport,5977.28
Delhi,194.7,car,20.1,102.0,veg,mid_range,3,1,entertainment,0,0.0,1,rental_vehicle,2540.08
Delhi,31.3,car,13.7,102.0,veg,budget,3,5,beach,1,4165.57,1,taxi,6007.63
Jaipur,126.0,scooter,43.8,102.0,non_veg,fine_dining,4,2,shopping,1,2942.77,1,personal_vehicle,6171.8
Delhi,182.5,bike,31.3,102.0,cafe,mid_range,3,5,sightseeing,0,0.0,2,personal_vehicle,3819.36
Kochi,60.8,car,14.3,102.0,local_cuisine,mid_range,2,1,entertainment,0,0.0,1,rental_vehicle,1459.74
Hyderabad,44.9,ev,0.1,8.5,fast_food,budget,2,1,cafe_hopping,0,0.0,2,personal_vehicle,1061.57
Bengaluru,118.9,scooter,45.1,102.0,cafe,budget,2,4,sightseeing,0,0.0,3,personal_vehicle,2937.83
Hyderabad,98.0,ev,0.12,8.5,veg,mid_range,3,2,entertainment,1,1475.86,2,rental_vehicle,4153.12
Goa,119.4,bike,40.3,102.0,cafe,mid_range,3,2,sightseeing,0,0.0,1,public_transport,1582.22
Chennai,14.0,car,16.2,102.0,veg,budget,2,4,adventure,1,3669.27,1,personal_vehicle,4770.8
Delhi,127.1,ev,0.19,8.5,non_veg,budget,3,5,shopping,1,4107.39,2,taxi,7236.59
Mumbai,26.8,bike,48.6,102.0,veg,mid_range,3,2,museum,0,0.0,1,personal_vehicle,1392.97
Delhi,185.0,scooter,44.1,102.0,veg,mid_range,3,3,cafe_hopping,1,2874.76,2,public_transport,5926.15
Bengaluru,19.3,car,16.9,102.0,non_veg,mid_range,3,2,shopping,0,0.0,3,personal_vehicle,3886.98
Goa,134.7,car,19.1,102.0,cafe,budget,3,2,museum,0,0.0,2,public_transport,2303.44
Chennai,198.3,bike,35.3,102.0,local_cuisine,mid_range,3,4,beach,1,3594.38,1,taxi,5702.35
Jaipur,24.6,car,12.3,102.0,local_cuisine,mid_range,3,4,beach,1,3916.99,1,public_transport,5664.46
Mumbai,131.8,scooter,50.5,102.0,fast_food,mid_range,2,1,sightseeing,1,1470.11,1,rental_vehicle,2770.57
Goa,134.8,bike,33.7,102.0,fast_food,mid_range,3,3,museum,1,921.77,1,taxi,3328.98
Bengaluru,148.3,car,21.4,102.0,cafe,mid_range,3,2,beach,1,2288.95,1,personal_vehicle,4186.09
Delhi,176.5,ev,0.2,8.5,cafe,fine_dining,3,3,adventure,0,0.0,2,taxi,5901.37
Bengaluru,197.5,ev,0.13,8.5,local_cuisine,budget,2,3,entertainment,0,0.0,4,public_transport,3302.04
Mumbai,187.0,bike,45.4,102.0,fast_food,mid_range,3,4,sightseeing,0,0.0,2,taxi,3892.48
Delhi,103.5,scooter,49.9,102.0,veg,mid_range,3,3,museum,1,3293.73,3,public_transport,8044.82
Delhi,15.8,scooter,53.7,102.0,cafe,mid_range,3,4,museum,1,2374.47,1,rental_vehicle,4127.37
Bengaluru,175.1,ev,0.19,8.5,local_cuisine,mid_range,3,3,beach,1,3873.93,4,taxi,10004.14
Mumbai,175.1,car,13.3,102.0,local_cuisine,mid_range,3,3,museum,1,2014.35,1,public_transport,5017.2
Chennai,55.6,bike,37.8,102.0,cafe,fine_dining,3,4,museum,1,4440.17,1,personal_vehicle,7273.24
Jaipur,67.6,car,12.2,102.0,fast_food,budget,3,4,cafe_hopping,1,3799.16,1,taxi,5617.38
Bengaluru,16.0,car,12.9,102.0,fast_food,fine_dining,4,2,beach,1,2143.81,3,public_transport,10954.4
Chennai,24.9,ev,0.2,8.5,veg,budget,4,4,beach,1,4481.31,1,rental_vehicle,6279.25
Mumbai,88.0,bike,38.7,102.0,veg,fine_dining,3,3,shopping,0,0.0,1,personal_vehicle,2888.29
Jaipur,104.3,bike,37.5,102.0,local_cuisine,mid_range,3,5,museum,0,0.0,1,public_transport,1969.98
Jaipur,149.0,scooter,40.6,102.0,non_veg,mid_range,4,5,beach,0,0.0,2,taxi,5058.29
Goa,22.6,car,13.8,102.0,local_cuisine,fine_dining,3,3,adventure,1,4201.86,1,public_transport,6820.05
Goa,107.6,bike,45.1,102.0,local_cuisine,mid_range,2,4,cafe_hopping,0,0.0,2,public_transport,2661.88
Goa,99.2,bike,45.4,102.0,cafe,budget,4,2,beach,0,0.0,1,rental_vehicle,1453.85
Delhi,46.9,bike,45.7,102.0,veg,mid_range,3,2,adventure,0,0.0,1,public_transport,1377.19
Chennai,53.3,car,13.0,102.0,fast_food,budget,3,1,beach,1,1437.02,1,rental_vehicle,2665.66
Delhi,53.4,ev,0.18,8.5,local_cuisine,mid_range,3,4,entertainment,1,1908.88,1,personal_vehicle,3526.29
Bengaluru,69.8,ev,0.14,8.5,cafe,budget,3,2,entertainment,0,0.0,1,public_transport,931.98
Delhi,147.3,car,16.6,102.0,non_veg,fine_dining,3,1,entertainment,0,0.0,1,personal_vehicle,3211.38
Goa,25.2,bike,39.4,102.0,cafe,mid_range,3,4,shopping,0,0.0,2,personal_vehicle,3201.54
Kochi,158.6,car,12.6,102.0,fast_food,budget,3,2,cafe_hopping,1,1307.18,2,rental_vehicle,4191.47
Mumbai,49.3,bike,41.0,102.0,cafe,mid_range,3,3,beach,0,0.0,2,personal_vehicle,2932.18
Jaipur,181.7,scooter,40.9,102.0,local_cuisine,budget,3,1,shopping,0,0.0,1,rental_vehicle,1252.5
Bengaluru,89.7,bike,40.7,102.0,non_veg,mid_range,3,2,cafe_hopping,0,0.0,1,rental_vehicle,1740.94
Jaipur,58.7,bike,34.8,102.0,veg,mid_range,3,4,shopping,0,0.0,2,personal_vehicle,3220.62
Goa,105.2,bike,44.9,102.0,veg,budget,4,2,entertainment,0,0.0,2,taxi,2656.77
Mumbai,186.9,ev,0.19,8.5,cafe,mid_range,4,3,sightseeing,0,0.0,3,personal_vehicle,5540.58
Hyderabad,186.0,scooter,50.3,102.0,local_cuisine,budget,3,1,museum,0,0.0,2,public_transport,1740.34
Goa,17.5,bike,48.8,102.0,veg,mid_range,2,1,beach,1,1300.61,1,public_transport,2251.47
Hyderabad,186.9,car,17.9,102.0,fast_food,mid_range,2,1,adventure,1,2777.15,1,rental_vehicle,5076.86
Mumbai,149.9,car,15.1,102.0,veg,fine_dining,3,4,adventure,1,2189.17,1,rental_vehicle,5966.67
Bengaluru,11.8,scooter,49.8,102.0,veg,mid_range,2,4,entertainment,0,0.0,1,public_transport,1313.0
Delhi,25.9,bike,49.7,102.0,veg,fine_dining,3,4,adventure,0,0.0,2,rental_vehicle,6204.67
Kochi,127.1,ev,0.17,8.5,fast_food,mid_range,3,4,sightseeing,0,0.0,4,rental_vehicle,6632.09
Jaipur,150.6,car,15.6,102.0,veg,mid_range,3,3,adventure,1,1478.68,2,taxi,5420.48
Chennai,71.5,car,15.3,102.0,cafe,budget,3,2,adventure,0,0.0,2,public_transport,2089.05
Mumbai,190.3,scooter,47.5,102.0,local_cuisine,fine_dining,3,5,entertainment,0,0.0,3,rental_vehicle,8827.21
Chennai,30.6,bike,32.7,102.0,veg,mid_range,3,1,beach,1,2931.89,2,taxi,5660.34
Delhi,85.4,car,21.9,102.0,non_veg,mid_range,3,2,museum,0,0.0,1,taxi,2285.86
Goa,96.2,bike,50.0,102.0,non_veg,mid_range,3,2,cafe_hopping,0,0.0,1,taxi,1817.53
Delhi,151.4,ev,0.16,8.5,veg,mid_range,4,5,sightseeing,0,0.0,2,personal_vehicle,4464.94
Hyderabad,181.1,car,20.1,102.0,local_cuisine,budget,3,4,museum,0,0.0,1,public_transport,2217.23
Chennai,69.5,car,18.6,102.0,cafe,budget,3,1,shopping,0,0.0,1,public_transport,1086.82
Jaipur,145.4,car,20.4,102.0,fast_food,fine_dining,3,2,cafe_hopping,1,2644.48,2,rental_vehicle,8566.6
Kochi,93.2,ev,0.11,8.5,non_veg,fine_dining,3,3,adventure,0,0.0,1,personal_vehicle,2686.39
Mumbai,31.1,scooter,54.4,102.0,fast_food,fine_dining,3,3,cafe_hopping,1,2674.31,3,public_transport,10840.04
Goa,178.9,car,13.5,102.0,cafe,mid_range,3,4,museum,0,0.0,2,personal_vehicle,4625.52
Hyderabad,146.1,scooter,44.8,102.0,non_veg,budget,3,4,adventure,0,0.0,1,taxi,1846.03
Goa,98.7,car,14.4,102.0,cafe,mid_range,3,4,sightseeing,0,0.0,2,taxi,4313.41
Jaipur,37.4,scooter,48.2,102.0,local_cuisine,budget,3,1,cafe_hopping,0,0.0,4,taxi,3356.31
Hyderabad,124.9,scooter,43.8,102.0,cafe,mid_range,2,2,adventure,0,0.0,2,personal_vehicle,2341.08
Goa,93.4,car,16.9,102.0,local_cuisine,mid_range,2,2,cafe_hopping,1,1996.28,1,taxi,4010.24
Mumbai,152.0,bike,46.5,102.0,non_veg,fine_dining,3,3,shopping,1,4178.94,1,taxi,6934.12
Mumbai,52.5,car,18.9,102.0,cafe,fine_dining,3,5,adventure,1,896.45,1,public_transport,4037.94
Bengaluru,15.6,bike,40.8,102.0,non_veg,fine_dining,4,3,adventure,0,0.0,4,taxi,13805.25
Mumbai,171.8,bike,45.3,102.0,fast_food,fine_dining,4,5,museum,0,0.0,2,public_transport,7553.23
Mumbai,144.2,ev,0.13,8.5,veg,budget,2,3,shopping,1,2451.49,2,taxi,4560.79
Jaipur,111.8,car,15.9,102.0,local_cuisine,mid_range,4,3,sightseeing,0,0.0,1,personal_vehicle,2537.36
Jaipur,77.1,bike,48.4,102.0,cafe,mid_range,2,1,adventure,0,0.0,1,personal_vehicle,1149.97
Kochi,105.7,car,21.1,102.0,fast_food,mid_range,4,4,beach,1,1053.9,2,personal_vehicle,5350.71
Hyderabad,186.1,bike,49.9,102.0,cafe,mid_range,4,5,shopping,0,0.0,2,taxi,4276.92
Delhi,115.2,car,18.1,102.0,local_cuisine,mid_range,3,2,cafe_hopping,0,0.0,2,rental_vehicle,3714.0
Jaipur,91.9,scooter,44.0,102.0,cafe,budget,3,1,cafe_hopping,0,0.0,1,rental_vehicle,1159.47
Kochi,160.1,ev,0.16,8.5,cafe,mid_range,3,5,cafe_hopping,0,0.0,3,personal_vehicle,5354.85
Goa,165.5,ev,0.19,8.5,fast_food,budget,3,4,entertainment,0,0.0,2,rental_vehicle,2610.43
Bengaluru,99.3,scooter,50.4,102.0,non_veg,budget,3,2,entertainment,1,2380.94,1,taxi,3820.11
Mumbai,58.7,scooter,43.2,102.0,non_veg,mid_range,4,4,adventure,0,0.0,1,public_transport,2155.45
Kochi,33.9,ev,0.19,8.5,local_cuisine,fine_dining,3,4,entertainment,0,0.0,2,rental_vehicle,5858.47
Hyderabad,22.6,bike,47.8,102.0,cafe,mid_range,3,5,beach,1,1757.1,2,taxi,5643.45
Hyderabad,38.8,ev,0.19,8.5,cafe,budget,3,1,shopping,1,2872.39,4,taxi,5492.89
Mumbai,16.3,car,21.8,102.0,non_veg,fine_dining,3,5,beach,0,0.0,4,personal_vehicle,10911.69
Goa,67.1,scooter,43.5,102.0,fast_food,budget,3,2,cafe_hopping,1,1133.38,3,public_transport,3795.14
Bengaluru,66.5,scooter,43.3,102.0,cafe,budget,3,2,museum,1,4279.8,1,rental_vehicle,5233.99
Bengaluru,98.0,bike,40.3,102.0,veg,budget,3,4,shopping,0,0.0,1,public_transport,1352.39
Bengaluru,185.2,bike,32.2,102.0,non_veg,mid_range,3,4,cafe_hopping,0,0.0,1,rental_vehicle,2572.78
Kochi,117.1,scooter,51.1,102.0,cafe,mid_range,3,2,museum,0,0.0,1,public_transport,1565.45
Mumbai,151.1,scooter,43.8,102.0,fast_food,mid_range,3,3,sightseeing,0,0.0,1,personal_vehicle,1816.47
Goa,85.2,scooter,43.3,102.0,non_veg,mid_range,4,3,adventure,0,0.0,1,personal_vehicle,1983.04
Mumbai,47.8,car,19.2,102.0,non_veg,fine_dining,2,5,museum,1,1758.29,4,public_transport,10770.95
Hyderabad,164.7,scooter,53.2,102.0,cafe,mid_range,2,5,adventure,0,0.0,1,personal_vehicle,1693.37
Hyderabad,143.8,bike,34.9,102.0,fast_food,mid_range,3,4,beach,0,0.0,1,rental_vehicle,2220.3
Mumbai,56.9,ev,0.17,8.5,cafe,budget,4,1,shopping,0,0.0,4,taxi,3649.77
Delhi,171.0,scooter,45.8,102.0,non_veg,mid_range,2,3,entertainment,0,0.0,3,taxi,3942.68
Jaipur,72.1,car,13.4,102.0,cafe,budget,3,4,cafe_hopping,0,0.0,4,taxi,4868.11
Goa,150.0,ev,0.16,8.5,local_cuisine,budget,4,3,museum,0,0.0,2,personal_vehicle,2354.01
Delhi,136.0,car,17.5,102.0,fast_food,mid_range,3,5,cafe_hopping,0,0.0,2,personal_vehicle,3996.84
Mumbai,58.7,ev,0.15,8.5,cafe,fine_dining,4,5,adventure,1,828.35,2,personal_vehicle,8342.01
Mumbai,144.0,scooter,47.3,102.0,local_cuisine,mid_range,3,3,shopping,0,0.0,1,rental_vehicle,1931.89
Delhi,134.6,bike,33.8,102.0,local_cuisine,budget,2,2,cafe_hopping,0,0.0,4,public_transport,3037.56
Bengaluru,84.7,scooter,41.6,102.0,cafe,mid_range,3,3,shopping,0,0.0,1,personal_vehicle,1623.51
Bengaluru,170.8,ev,0.18,8.5,cafe,budget,3,1,shopping,0,0.0,1,taxi,1346.1
Delhi,136.9,car,13.1,102.0,local_cuisine,fine_dining,2,1,beach,0,0.0,1,rental_vehicle,2909.6
Delhi,43.8,ev,0.15,8.5,cafe,mid_range,3,2,museum,0,0.0,1,public_transport,1431.86
Jaipur,115.8,scooter,41.2,102.0,non_veg,mid_range,3,5,sightseeing,1,2447.53,4,rental_vehicle,10029.86
Goa,81.8,bike,48.8,102.0,veg,mid_range,3,2,sightseeing,0,0.0,2,personal_vehicle,2714.23
Delhi,132.1,car,17.6,102.0,non_veg,fine_dining,3,5,entertainment,1,3434.08,1,rental_vehicle,7156.81
Mumbai,168.8,car,15.0,102.0,cafe,budget,3,1,adventure,0,0.0,1,public_transport,1856.82
Hyderabad,34.6,bike,30.4,102.0,fast_food,mid_range,4,1,adventure,1,3386.59,1,rental_vehicle,5154.37
Mumbai,140.8,bike,44.3,102.0,fast_food,fine_dining,3,2,beach,1,3678.2,3,public_transport,10879.45
Jaipur,46.1,ev,0.15,8.5,fast_food,mid_range,3,5,cafe_hopping,0,0.0,1,personal_vehicle,1679.09
Hyderabad,152.7,bike,47.3,102.0,local_cuisine,mid_range,4,3,cafe_hopping,0,0.0,2,rental_vehicle,4085.43
Goa,142.0,car,14.5,102.0,fast_food,mid_range,3,1,shopping,0,0.0,1,personal_vehicle,2154.02
Mumbai,47.4,ev,0.12,8.5,non_veg,mid_range,3,4,adventure,0,0.0,4,public_transport,6159.79
Hyderabad,82.8,bike,48.3,102.0,fast_food,mid_range,3,2,entertainment,1,4480.22,4,taxi,10984.82
Jaipur,126.4,bike,44.4,102.0,veg,budget,3,2,cafe_hopping,1,1954.17,1,public_transport,3126.99
Kochi,140.0,car,22.0,102.0,local_cuisine,budget,3,4,shopping,0,0.0,1,public_transport,1777.62
Hyderabad,53.9,ev,0.14,8.5,cafe,mid_range,3,2,cafe_hopping,0,0.0,3,public_transport,4043.66
Hyderabad,44.4,ev,0.17,8.5,veg,mid_range,3,3,adventure,1,3544.92,4,rental_vehicle,9538.33
Mumbai,38.7,car,18.3,102.0,fast_food,budget,3,5,adventure,1,4489.45,1,personal_vehicle,5601.67
Kochi,114.8,car,21.6,102.0,cafe,fine_dining,3,5,adventure,0,0.0,1,public_transport,3476.54
Jaipur,11.1,ev,0.12,8.5,non_veg,fine_dining,3,4,entertainment,0,0.0,1,personal_vehicle,2894.73
Jaipur,12.6,car,15.6,102.0,cafe,budget,3,4,adventure,0,0.0,2,rental_vehicle,2608.35
Chennai,92.1,scooter,52.7,102.0,cafe,budget,3,5,cafe_hopping,0,0.0,2,public_transport,2574.7
Bengaluru,50.8,bike,30.6,102.0,local_cuisine,mid_range,2,1,shopping,1,3526.82,3,rental_vehicle,6698.87
Chennai,142.7,scooter,46.2,102.0,fast_food,fine_dining,2,5,adventure,0,0.0,1,taxi,2626.57
Mumbai,72.9,ev,0.12,8.5,local_cuisine,budget,3,5,sightseeing,0,0.0,2,rental_vehicle,2737.95
Delhi,190.5,scooter,47.6,102.0,non_veg,budget,3,1,sightseeing,1,3830.42,2,rental_vehicle,5859.87
Hyderabad,26.5,bike,37.0,102.0,fast_food,mid_range,3,2,museum,0,0.0,1,public_transport,1412.48
Mumbai,109.9,scooter,45.1,102.0,cafe,budget,3,5,entertainment,0,0.0,1,public_transport,1451.85
Kochi,181.8,ev,0.2,8.5,veg,fine_dining,3,5,beach,0,0.0,1,rental_vehicle,3432.67
Hyderabad,80.1,scooter,46.9,102.0,veg,budget,3,3,beach,1,2440.56,1,rental_vehicle,3845.16
Jaipur,178.1,ev,0.19,8.5,non_veg,budget,3,4,entertainment,0,0.0,1,personal_vehicle,1399.25
Mumbai,84.6,bike,43.6,102.0,veg,fine_dining,3,3,cafe_hopping,1,2044.41,2,public_transport,7748.33
Hyderabad,105.6,scooter,44.2,102.0,veg,fine_dining,3,5,sightseeing,1,4375.92,1,taxi,7418.26
Jaipur,162.2,scooter,40.7,102.0,non_veg,fine_dining,3,3,museum,1,4487.42,1,rental_vehicle,7355.74
Jaipur,194.7,bike,32.7,102.0,fast_food,mid_range,3,2,sightseeing,0,0.0,1,taxi,2344.2
Bengaluru,89.6,car,22.0,102.0,fast_food,mid_range,3,2,sightseeing,0,0.0,1,public_transport,1644.65
Hyderabad,69.8,scooter,48.2,102.0,veg,fine_dining,3,1,adventure,1,835.79,1,personal_vehicle,3304.57
Hyderabad,88.6,ev,0.12,8.5,local_cuisine,mid_range,3,3,sightseeing,1,4351.76,1,taxi,6244.72
Kochi,197.6,car,12.5,102.0,fast_food,budget,2,3,museum,0,0.0,4,taxi,4995.45
Bengaluru,126.0,scooter,43.5,102.0,non_veg,mid_range,2,5,beach,0,0.0,4,personal_vehicle,5506.61
Delhi,141.9,scooter,54.7,102.0,local_cuisine,budget,3,2,cafe_hopping,0,0.0,1,personal_vehicle,1076.92
Bengaluru,147.6,scooter,54.5,102.0,cafe,mid_range,4,1,shopping,0,0.0,2,rental_vehicle,3468.09
Mumbai,116.8,scooter,41.6,102.0,veg,budget,3,5,entertainment,1,2706.59,1,public_transport,4326.3
Kochi,118.7,scooter,51.1,102.0,non_veg,budget,2,3,cafe_hopping,0,0.0,3,personal_vehicle,2477.14
Kochi,39.5,car,18.9,102.0,fast_food,mid_range,4,5,cafe_hopping,1,4434.29,1,public_transport,6551.63
Jaipur,118.2,scooter,45.6,102.0,veg,mid_range,4,5,shopping,0,0.0,1,personal_vehicle,2306.11
Goa,162.1,scooter,52.1,102.0,local_cuisine,budget,2,4,shopping,1,3214.29,1,personal_vehicle,4461.37
Delhi,87.3,car,15.6,102.0,non_veg,budget,3,2,adventure,1,2763.81,1,public_transport,4207.59
Kochi,190.8,ev,0.14,8.5,local_cuisine,mid_range,2,3,shopping,0,0.0,2,rental_vehicle,2581.3
Goa,194.9,scooter,45.6,102.0,non_veg,budget,3,1,adventure,0,0.0,1,rental_vehicle,1434.33
Kochi,171.9,car,14.1,102.0,local_cuisine,mid_range,3,1,museum,1,2787.83,1,personal_vehicle,5365.89
Goa,28.2,scooter,40.4,102.0,local_cuisine,mid_range,3,3,beach,0,0.0,1,rental_vehicle,1804.51
Jaipur,87.7,scooter,45.6,102.0,veg,mid_range,3,2,adventure,0,0.0,1,public_transport,1591.23
Bengaluru,44.5,ev,0.15,8.5,local_cuisine,mid_range,3,4,entertainment,0,0.0,1,personal_vehicle,1650.66
Delhi,152.4,ev,0.1,8.5,non_veg,budget,3,5,beach,0,0.0,1,public_transport,1369.82
Mumbai,20.1,scooter,47.0,102.0,fast_food,mid_range,2,1,adventure,0,0.0,1,personal_vehicle,950.96
Hyderabad,102.5,bike,44.2,102.0,veg,mid_range,3,4,museum,1,1240.21,1,rental_vehicle,3313.38
Chennai,72.5,scooter,48.7,102.0,veg,mid_range,3,4,adventure,1,1966.16,2,personal_vehicle,5269.94
Chennai,180.4,car,15.5,102.0,non_veg,mid_range,3,2,cafe_hopping,1,1417.12,3,rental_vehicle,6863.53
Jaipur,182.0,car,12.9,102.0,fast_food,mid_range,3,1,beach,1,2465.7,2,personal_vehicle,5705.38
Bengaluru,39.7,scooter,40.9,102.0,fast_food,mid_range,3,5,entertainment,1,1496.11,1,taxi,3651.42
Mumbai,55.3,bike,45.4,102.0,local_cuisine,mid_range,3,5,beach,1,1074.9,2,personal_vehicle,4425.6
Hyderabad,57.4,ev,0.13,8.5,fast_food,fine_dining,3,5,adventure,0,0.0,1,personal_vehicle,2549.8
Delhi,135.5,scooter,44.9,102.0,local_cuisine,mid_range,3,1,adventure,0,0.0,4,personal_vehicle,5280.16
Kochi,40.5,car,14.9,102.0,fast_food,budget,3,3,entertainment,0,0.0,2,taxi,2427.39
Mumbai,40.0,scooter,54.2,102.0,cafe,budget,3,5,cafe_hopping,0,0.0,1,rental_vehicle,1435.21
Chennai,72.6,bike,46.9,102.0,local_cuisine,mid_range,3,2,beach,0,0.0,4,personal_vehicle,5572.32
Chennai,113.7,ev,0.18,8.5,non_veg,mid_range,2,1,adventure,0,0.0,1,taxi,1491.53
Bengaluru,145.0,scooter,47.4,102.0,fast_food,mid_range,2,2,shopping,0,0.0,4,public_transport,4375.32
Hyderabad,61.3,scooter,52.8,102.0,cafe,mid_range,2,2,museum,1,4105.42,1,taxi,5608.91
Jaipur,105.7,bike,36.3,102.0,veg,budget,2,1,beach,0,0.0,1,public_transport,858.78
Goa,159.1,car,21.8,102.0,cafe,mid_range,3,1,museum,0,0.0,1,public_transport,1959.37
Bengaluru,181.4,ev,0.16,8.5,veg,mid_range,3,3,museum,0,0.0,4,personal_vehicle,6265.84
Jaipur,61.1,car,20.9,102.0,fast_food,mid_range,3,3,beach,1,3804.79,1,rental_vehicle,5687.77
Goa,27.5,ev,0.2,8.5,fast_food,mid_range,3,4,sightseeing,0,0.0,1,public_transport,1633.22
Hyderabad,191.0,bike,32.7,102.0,non_veg,budget,4,4,sightseeing,1,2332.91,2,personal_vehicle,5418.09
Kochi,46.9,car,12.4,102.0,local_cuisine,budget,2,2,cafe_hopping,0,0.0,2,taxi,1949.57
Mumbai,114.5,car,13.7,102.0,veg,fine_dining,2,5,museum,0,0.0,1,rental_vehicle,3074.2
Chennai,98.8,car,15.0,102.0,non_veg,budget,3,4,beach,1,1675.58,4,personal_vehicle,6380.36
Mumbai,103.6,bike,30.1,102.0,veg,budget,3,4,cafe_hopping,0,0.0,2,taxi,2869.99
Jaipur,75.9,ev,0.11,8.5,veg,mid_range,4,3,entertainment,1,1652.27,1,public_transport,3448.09
Jaipur,75.0,bike,47.9,102.0,fast_food,fine_dining,3,3,sightseeing,0,0.0,1,rental_vehicle,2949.71
Chennai,137.9,car,13.1,102.0,local_cuisine,budget,2,3,entertainment,1,2686.55,1,personal_vehicle,4445.9
Bengaluru,145.3,scooter,43.5,102.0,local_cuisine,budget,3,2,adventure,0,0.0,1,rental_vehicle,1370.63
Chennai,69.6,car,20.9,102.0,fast_food,fine_dining,2,4,beach,0,0.0,1,taxi,2800.91
Mumbai,37.3,ev,0.18,8.5,cafe,mid_range,2,4,shopping,1,2053.39,2,personal_vehicle,4655.01
Chennai,30.4,car,16.2,102.0,non_veg,fine_dining,2,5,entertainment,0,0.0,1,taxi,2763.41
Chennai,142.3,bike,49.3,102.0,non_veg,budget,2,2,cafe_hopping,0,0.0,4,rental_vehicle,2966.43
Delhi,23.3,ev,0.16,8.5,fast_food,mid_range,3,1,sightseeing,0,0.0,4,public_transport,4816.67
Chennai,129.0,scooter,53.3,102.0,veg,mid_range,3,2,cafe_hopping,1,3873.76,1,taxi,6351.68
Kochi,117.7,bike,38.6,102.0,fast_food,mid_range,4,2,beach,0,0.0,4,taxi,7799.56
Jaipur,116.3,car,12.7,102.0,local_cuisine,fine_dining,3,1,shopping,0,0.0,1,personal_vehicle,3450.19
Chennai,109.0,ev,0.12,8.5,cafe,mid_range,2,2,beach,1,1105.82,2,public_transport,3252.29
Bengaluru,131.5,ev,0.11,8.5,cafe,fine_dining,3,4,entertainment,1,2163.56,2,rental_vehicle,7403.06
Bengaluru,183.2,scooter,54.2,102.0,fast_food,mid_range,3,5,beach,0,0.0,1,personal_vehicle,2152.38
Hyderabad,154.2,bike,30.9,102.0,non_veg,budget,2,3,shopping,0,0.0,1,public_transport,1340.93
Goa,187.0,ev,0.14,8.5,local_cuisine,fine_dining,3,2,entertainment,0,0.0,1,personal_vehicle,2772.19
Hyderabad,125.5,ev,0.15,8.5,cafe,budget,3,2,shopping,1,4326.35,1,taxi,5848.33
Mumbai,102.6,car,18.4,102.0,fast_food,mid_range,3,4,entertainment,0,0.0,1,taxi,2440.56
Bengaluru,168.3,car,14.8,102.0,non_veg,mid_range,3,3,museum,0,0.0,3,rental_vehicle,5269.16
Kochi,165.3,ev,0.14,8.5,local_cuisine,budget,3,1,beach,0,0.0,1,personal_vehicle,935.67
Mumbai,68.4,ev,0.11,8.5,cafe,fine_dining,3,2,shopping,1,3682.81,2,personal_vehicle,8895.15
Hyderabad,109.9,car,13.2,102.0,cafe,budget,3,4,adventure,1,2033.28,1,personal_vehicle,4058.67
Delhi,119.0,car,18.0,102.0,non_veg,fine_dining,3,2,entertainment,0,0.0,1,rental_vehicle,3308.9
Jaipur,72.3,ev,0.18,8.5,cafe,fine_dining,3,5,entertainment,0,0.0,3,public_transport,7978.41
Bengaluru,131.6,car,19.6,102.0,fast_food,fine_dining,3,1,museum,0,0.0,3,taxi,7974.48
Jaipur,164.6,ev,0.14,8.5,veg,budget,3,4,adventure,0,0.0,3,personal_vehicle,3369.35
Hyderabad,80.1,scooter,46.7,102.0,veg,mid_range,3,5,cafe_hopping,0,0.0,4,public_transport,7121.92
Hyderabad,10.7,scooter,51.3,102.0,veg,fine_dining,3,4,adventure,1,2528.83,1,public_transport,5381.35
Kochi,72.3,car,14.2,102.0,fast_food,mid_range,3,3,shopping,0,0.0,2,public_transport,3372.1
Delhi,114.7,bike,34.1,102.0,non_veg,fine_dining,2,2,sightseeing,0,0.0,1,public_transport,2007.43
Delhi,24.7,bike,42.0,102.0,non_veg,fine_dining,2,4,adventure,0,0.0,1,taxi,2464.43
Mumbai,188.7,bike,49.8,102.0,local_cuisine,mid_range,4,2,adventure,0,0.0,1,public_transport,2069.62
Goa,11.3,scooter,46.5,102.0,cafe,mid_range,3,1,shopping,1,2893.95,1,taxi,4330.11
Goa,78.6,bike,35.3,102.0,local_cuisine,mid_range,3,3,entertainment,0,0.0,1,taxi,2080.88
Goa,32.3,ev,0.12,8.5,fast_food,mid_range,3,2,shopping,1,3424.27,1,rental_vehicle,4948.84
Delhi,184.5,ev,0.14,8.5,non_veg,mid_range,3,4,adventure,1,2654.97,2,public_transport,5948.47
Kochi,179.3,bike,38.7,102.0,non_veg,mid_range,3,3,adventure,0,0.0,2,rental_vehicle,3428.84
Goa,98.7,car,21.1,102.0,cafe,mid_range,3,3,sightseeing,0,0.0,1,taxi,2266.15
Delhi,106.1,car,14.7,102.0,non_veg,mid_range,3,1,sightseeing,0,0.0,1,public_transport,2023.1
Bengaluru,185.2,ev,0.18,8.5,fast_food,mid_range,3,1,shopping,1,2492.92,1,rental_vehicle,4390.9
Bengaluru,98.0,bike,31.3,102.0,local_cuisine,mid_range,3,1,shopping,0,0.0,1,personal_vehicle,1383.78
Kochi,32.0,ev,0.12,8.5,local_cuisine,mid_range,3,3,entertainment,0,0.0,2,taxi,3265.76
Delhi,54.4,ev,0.13,8.5,local_cuisine,mid_range,3,4,shopping,0,0.0,2,public_transport,3368.67
Chennai,192.6,bike,43.2,102.0,veg,mid_range,3,2,sightseeing,0,0.0,1,public_transport,1950.31
Jaipur,49.2,bike,30.6,102.0,veg,mid_range,4,2,adventure,1,2316.73,1,taxi,4285.62
Goa,194.1,car,18.1,102.0,fast_food,fine_dining,3,3,cafe_hopping,1,4446.4,4,rental_vehicle,15781.52
Goa,89.8,scooter,42.7,102.0,cafe,mid_range,2,4,shopping,1,4090.33,1,public_transport,5446.07
Kochi,79.5,ev,0.16,8.5,non_veg,mid_range,2,3,cafe_hopping,1,2877.14,1,rental_vehicle,4210.62
Delhi,139.9,scooter,54.8,102.0,non_veg,budget,3,3,entertainment,1,2433.2,1,personal_vehicle,3568.54
Mumbai,36.0,ev,0.17,8.5,veg,mid_range,3,5,cafe_hopping,1,964.49,1,rental_vehicle,3139.56
Jaipur,36.5,car,15.4,102.0,fast_food,fine_dining,3,1,museum,1,2706.89,2,rental_vehicle,7831.95
Mumbai,103.2,scooter,52.0,102.0,cafe,mid_range,4,4,adventure,1,1967.72,4,personal_vehicle,9260.91
Goa,13.1,car,15.9,102.0,cafe,budget,3,2,entertainment,1,2273.15,1,personal_vehicle,3272.91
Delhi,195.9,scooter,49.1,102.0,non_veg,budget,3,4,beach,1,4253.48,1,taxi,6303.58
Mumbai,154.0,bike,37.8,102.0,local_cuisine,budget,3,4,beach,1,1014.4,3,rental_vehicle,4859.4
Chennai,88.9,car,20.4,102.0,cafe,budget,3,3,adventure,1,3186.43,1,taxi,4900.11
Jaipur,36.3,car,19.4,102.0,veg,budget,3,4,shopping,0,0.0,1,rental_vehicle,1557.16
Jaipur,195.3,bike,39.2,102.0,cafe,budget,2,3,adventure,0,0.0,1,public_transport,1312.46
Chennai,33.7,scooter,43.7,102.0,veg,mid_range,3,4,shopping,1,3244.06,2,taxi,6842.57
Jaipur,130.1,scooter,48.2,102.0,veg,fine_dining,3,4,beach,1,2199.42,1,rental_vehicle,5356.69
Hyderabad,177.5,bike,45.8,102.0,cafe,fine_dining,3,5,museum,1,2459.51,2,personal_vehicle,8654.02
Mumbai,114.8,bike,36.0,102.0,cafe,fine_dining,3,3,museum,0,0.0,1,taxi,3226.61
Mumbai,129.9,bike,30.8,102.0,local_cuisine,mid_range,3,5,entertainment,0,0.0,2,public_transport,3978.12
Bengaluru,61.3,car,16.5,102.0,local_cuisine,mid_range,3,4,museum,0,0.0,1,rental_vehicle,2192.51
Goa,134.3,car,18.4,102.0,veg,budget,2,2,sightseeing,0,0.0,3,public_transport,2855.29
Jaipur,65.5,bike,33.6,102.0,non_veg,budget,3,1,cafe_hopping,1,2971.2,1,taxi,4117.33
Hyderabad,78.5,scooter,54.9,102.0,veg,mid_range,3,3,cafe_hopping,0,0.0,1,taxi,1806.44
Delhi,197.0,bike,49.9,102.0,veg,budget,2,4,sightseeing,0,0.0,4,public_transport,4085.58
Chennai,161.0,bike,40.0,102.0,local_cuisine,mid_range,2,5,cafe_hopping,1,3078.53,1,taxi,5088.32
Chennai,158.6,scooter,41.6,102.0,fast_food,mid_range,3,3,cafe_hopping,0,0.0,2,personal_vehicle,2821.17
Bengaluru,100.8,scooter,41.5,102.0,veg,mid_range,2,4,adventure,1,3559.5,1,taxi,5155.66
Jaipur,138.3,ev,0.19,8.5,local_cuisine,fine_dining,3,2,beach,1,3719.85,1,taxi,6853.14
Jaipur,72.6,bike,38.1,102.0,cafe,budget,3,2,shopping,0,0.0,4,taxi,3757.23
Kochi,128.8,bike,48.8,102.0,local_cuisine,budget,2,1,beach,0,0.0,2,public_transport,1329.32
Bengaluru,82.3,ev,0.19,8.5,veg,fine_dining,3,4,beach,0,0.0,4,rental_vehicle,11426.76
Delhi,27.0,car,20.9,102.0,fast_food,fine_dining,3,5,beach,0,0.0,1,taxi,3306.66
Goa,141.0,ev,0.13,8.5,veg,fine_dining,2,5,beach,0,0.0,3,rental_vehicle,6817.3
Kochi,168.2,scooter,41.1,102.0,local_cuisine,fine_dining,3,4,beach,0,0.0,1,personal_vehicle,3229.35
Jaipur,114.1,ev,0.13,8.5,veg,fine_dining,3,4,entertainment,0,0.0,1,personal_vehicle,2864.26
Hyderabad,29.9,scooter,47.4,102.0,veg,mid_range,3,2,museum,1,3377.67,1,taxi,4979.96
Delhi,19.2,ev,0.19,8.5,veg,mid_range,3,2,sightseeing,0,0.0,1,public_transport,1280.51
Delhi,39.4,car,21.8,102.0,fast_food,mid_range,4,3,adventure,1,1805.58,4,rental_vehicle,9198.35
Mumbai,195.3,bike,31.4,102.0,non_veg,mid_range,3,4,shopping,1,4295.5,1,taxi,6930.82
Hyderabad,172.4,ev,0.2,8.5,veg,fine_dining,3,2,cafe_hopping,0,0.0,2,taxi,5387.5
Kochi,29.4,car,17.6,102.0,cafe,mid_range,2,4,sightseeing,1,4178.22,1,rental_vehicle,6233.5
Delhi,114.0,scooter,43.6,102.0,non_veg,mid_range,2,2,beach,0,0.0,1,public_transport,1243.35
Goa,96.3,ev,0.14,8.5,non_veg,mid_range,3,2,museum,0,0.0,2,personal_vehicle,2636.0
Jaipur,24.2,ev,0.16,8.5,local_cuisine,mid_range,3,2,adventure,0,0.0,1,public_transport,1496.41
Goa,185.9,bike,36.8,102.0,veg,budget,3,1,museum,0,0.0,2,public_transport,2013.54
Chennai,141.1,car,18.8,102.0,local_cuisine,budget,2,1,cafe_hopping,0,0.0,2,personal_vehicle,1854.83
Goa,144.3,scooter,40.0,102.0,fast_food,fine_dining,3,5,cafe_hopping,1,873.96,1,personal_vehicle,4131.73
Hyderabad,33.3,car,16.7,102.0,non_veg,fine_dining,3,3,adventure,1,1646.62,1,personal_vehicle,4142.44
Delhi,12.3,bike,41.6,102.0,local_cuisine,fine_dining,3,3,sightseeing,1,844.58,3,personal_vehicle,8522.81
Goa,136.1,scooter,40.3,102.0,veg,mid_range,2,1,adventure,1,3727.75,1,personal_vehicle,5123.05
Jaipur,198.9,car,21.1,102.0,cafe,budget,3,5,adventure,0,0.0,4,public_transport,5527.37
Hyderabad,158.7,car,14.1,102.0,non_veg,mid_range,3,2,shopping,1,4358.48,1,taxi,6847.67
Mumbai,150.0,scooter,40.2,102.0,local_cuisine,budget,4,4,museum,0,0.0,1,personal_vehicle,1615.73
Delhi,36.1,car,16.1,102.0,veg,mid_range,3,3,beach,1,2052.66,2,taxi,5432.53
Hyderabad,12.6,bike,36.7,102.0,local_cuisine,mid_range,3,2,beach,1,1225.54,3,rental_vehicle,5160.41
Delhi,17.4,car,17.7,102.0,non_veg,mid_range,3,4,cafe_hopping,1,1803.05,2,personal_vehicle,5295.52
Mumbai,116.9,ev,0.12,8.5,veg,budget,2,5,cafe_hopping,0,0.0,1,rental_vehicle,1352.57
Kochi,103.4,bike,47.3,102.0,non_veg,mid_range,2,2,museum,0,0.0,1,taxi,1557.23
Kochi,143.4,ev,0.18,8.5,fast_food,mid_range,3,3,beach,0,0.0,1,public_transport,1833.26
Goa,69.0,ev,0.2,8.5,fast_food,mid_range,3,1,beach,0,0.0,1,public_transport,1380.68
Kochi,87.8,bike,34.3,102.0,veg,budget,3,1,beach,1,1160.93,2,taxi,3122.55
Goa,81.2,car,18.1,102.0,fast_food,mid_range,4,3,beach,1,1918.03,2,rental_vehicle,6306.34
Jaipur,34.7,bike,43.2,102.0,non_veg,mid_range,2,4,shopping,1,2524.33,2,rental_vehicle,5647.61
Kochi,42.8,scooter,52.5,102.0,veg,budget,3,1,shopping,1,4281.83,1,taxi,5622.47
Chennai,112.2,ev,0.12,8.5,veg,budget,3,5,adventure,1,1259.93,1,rental_vehicle,2570.81
Jaipur,176.6,bike,40.1,102.0,fast_food,budget,3,5,beach,0,0.0,1,rental_vehicle,1784.7
Jaipur,133.9,bike,39.6,102.0,non_veg,budget,3,5,shopping,0,0.0,1,rental_vehicle,1752.1
Jaipur,159.9,bike,48.2,102.0,veg,budget,3,1,adventure,1,1948.34,1,taxi,3437.99
Goa,72.7,bike,44.3,102.0,fast_food,mid_range,3,1,beach,0,0.0,1,taxi,1926.57
Jaipur,166.8,scooter,54.2,102.0,local_cuisine,budget,3,2,entertainment,1,3067.72,2,taxi,5209.3
Kochi,75.5,ev,0.13,8.5,cafe,mid_range,3,5,cafe_hopping,1,2258.57,1,public_transport,4187.0
Jaipur,191.7,ev,0.12,8.5,non_veg,mid_range,3,1,cafe_hopping,1,882.59,1,public_transport,2399.95
Kochi,114.9,scooter,46.8,102.0,veg,mid_range,3,4,shopping,0,0.0,1,taxi,2134.81
Kochi,188.2,bike,42.0,102.0,cafe,mid_range,2,2,entertainment,0,0.0,2,taxi,2774.0
Chennai,137.3,ev,0.18,8.5,veg,budget,2,1,entertainment,0,0.0,3,public_transport,1716.85
Bengaluru,183.9,scooter,43.2,102.0,local_cuisine,fine_dining,2,4,adventure,1,3455.93,1,personal_vehicle,5921.86
Kochi,26.3,bike,30.9,102.0,cafe,fine_dining,3,5,beach,0,0.0,2,personal_vehicle,5695.92
Kochi,92.0,car,17.3,102.0,non_veg,budget,3,5,museum,1,3971.34,2,taxi,7102.03
Mumbai,71.8,bike,46.1,102.0,veg,budget,3,1,cafe_hopping,1,1252.13,2,public_transport,2744.92
Hyderabad,48.2,bike,31.4,102.0,non_veg,budget,3,5,adventure,1,1224.75,3,taxi,5221.75
Kochi,123.3,car,14.7,102.0,fast_food,mid_range,3,4,shopping,0,0.0,1,personal_vehicle,2547.73
Jaipur,108.5,bike,49.3,102.0,fast_food,fine_dining,2,1,adventure,1,3496.42,1,personal_vehicle,5472.69
Kochi,35.4,bike,40.1,102.0,veg,mid_range,3,5,shopping,0,0.0,3,rental_vehicle,5178.15
Delhi,43.3,bike,37.3,102.0,local_cuisine,mid_range,3,4,sightseeing,1,4432.06,1,public_transport,5674.29
Kochi,18.6,ev,0.13,8.5,veg,budget,2,1,entertainment,1,3934.86,1,taxi,4890.0
Chennai,191.2,scooter,50.0,102.0,fast_food,mid_range,4,5,sightseeing,1,1768.45,4,personal_vehicle,9492.4
Goa,34.7,bike,43.9,102.0,non_veg,mid_range,3,4,sightseeing,1,2156.69,2,public_transport,5272.76
Bengaluru,69.9,car,15.7,102.0,veg,fine_dining,2,3,cafe_hopping,0,0.0,3,personal_vehicle,6280.79
Bengaluru,171.6,car,18.2,102.0,non_veg,budget,2,2,museum,1,1209.24,3,rental_vehicle,4715.13
Jaipur,17.4,ev,0.2,8.5,fast_food,mid_range,3,4,sightseeing,0,0.0,4,personal_vehicle,6159.02
Goa,113.3,bike,35.3,102.0,veg,budget,3,2,cafe_hopping,1,1690.75,4,personal_vehicle,5386.72
Mumbai,144.9,bike,45.0,102.0,local_cuisine,fine_dining,3,3,adventure,1,3047.68,1,public_transport,5817.53
Bengaluru,13.7,scooter,46.7,102.0,veg,fine_dining,3,4,cafe_hopping,0,0.0,2,taxi,5548.85
Goa,186.7,ev,0.2,8.5,non_veg,mid_range,2,3,beach,0,0.0,2,rental_vehicle,2811.23
Chennai,28.6,scooter,48.3,102.0,local_cuisine,fine_dining,3,1,adventure,1,4338.75,3,public_transport,10884.54
Bengaluru,24.3,scooter,48.4,102.0,local_cuisine,mid_range,3,1,cafe_hopping,0,0.0,3,personal_vehicle,3547.14
Hyderabad,180.4,scooter,40.2,102.0,fast_food,mid_range,2,2,sightseeing,0,0.0,2,rental_vehicle,2777.22
Chennai,167.4,car,12.1,102.0,non_veg,fine_dining,3,3,museum,1,1189.96,1,taxi,5299.61
Goa,194.3,scooter,53.7,102.0,veg,mid_range,3,5,shopping,0,0.0,2,personal_vehicle,3808.43
Mumbai,94.0,scooter,50.1,102.0,local_cuisine,mid_range,3,2,entertainment,1,3580.79,1,rental_vehicle,5482.67
Mumbai,21.2,bike,48.1,102.0,local_cuisine,mid_range,3,1,sightseeing,0,0.0,2,public_transport,2280.31
Hyderabad,115.3,ev,0.13,8.5,veg,budget,3,4,cafe_hopping,0,0.0,2,rental_vehicle,2399.03
Chennai,44.2,ev,0.12,8.5,veg,fine_dining,3,1,sightseeing,1,3847.59,1,personal_vehicle,6848.0
Hyderabad,59.2,bike,40.3,102.0,fast_food,mid_range,2,2,cafe_hopping,0,0.0,2,taxi,2583.36
Jaipur,51.1,ev,0.15,8.5,cafe,mid_range,3,1,adventure,0,0.0,1,personal_vehicle,1336.47
Hyderabad,177.4,car,16.9,102.0,cafe,mid_range,3,5,museum,1,3040.68,4,personal_vehicle,11106.83
Chennai,92.8,scooter,52.6,102.0,cafe,budget,3,1,entertainment,0,0.0,2,public_transport,1615.94
Delhi,99.2,ev,0.11,8.5,cafe,budget,3,1,beach,0,0.0,2,rental_vehicle,1663.56
Goa,198.5,bike,45.0,102.0,veg,mid_range,2,1,sightseeing,1,1685.04,1,public_transport,3016.86
Hyderabad,180.9,bike,40.5,102.0,cafe,mid_range,3,2,adventure,1,1526.06,4,taxi,7448.27
Jaipur,15.4,bike,49.7,102.0,non_veg,mid_range,3,1,cafe_hopping,0,0.0,1,rental_vehicle,1566.22
Mumbai,143.6,ev,0.16,8.5,veg,mid_range,3,2,adventure,1,1220.56,2,rental_vehicle,4181.24
Bengaluru,121.7,bike,38.3,102.0,fast_food,budget,3,4,shopping,0,0.0,2,personal_vehicle,2438.13
Bengaluru,178.9,car,13.5,102.0,non_veg,budget,3,3,shopping,0,0.0,2,public_transport,3482.69
Goa,199.7,ev,0.1,8.5,cafe,mid_range,3,3,cafe_hopping,1,1763.87,1,taxi,3768.68
Chennai,176.4,scooter,45.4,102.0,fast_food,mid_range,2,2,beach,0,0.0,3,taxi,3917.16
Delhi,143.7,car,19.7,102.0,cafe,budget,3,4,adventure,1,2603.63,1,public_transport,4403.03
Delhi,175.7,ev,0.17,8.5,local_cuisine,budget,3,2,adventure,0,0.0,2,taxi,2307.38
Hyderabad,109.0,scooter,45.2,102.0,cafe,budget,3,4,entertainment,0,0.0,2,rental_vehicle,2577.69
Delhi,28.6,bike,45.3,102.0,cafe,mid_range,3,4,sightseeing,0,0.0,2,taxi,4022.44
Chennai,92.9,bike,49.1,102.0,fast_food,fine_dining,2,3,museum,0,0.0,4,personal_vehicle,7587.85
Goa,135.5,bike,32.7,102.0,local_cuisine,budget,2,1,museum,0,0.0,1,rental_vehicle,1177.71
Mumbai,134.0,scooter,42.7,102.0,fast_food,mid_range,4,5,cafe_hopping,1,1002.61,2,public_transport,5029.18
Chennai,148.9,bike,46.8,102.0,cafe,mid_range,4,5,cafe_hopping,0,0.0,2,public_transport,4335.73
Hyderabad,101.8,bike,34.3,102.0,veg,fine_dining,2,3,cafe_hopping,1,1576.73,1,public_transport,3836.53
Goa,151.9,ev,0.14,8.5,cafe,budget,3,5,beach,0,0.0,1,rental_vehicle,1677.45
Goa,21.5,car,18.1,102.0,veg,mid_range,3,5,sightseeing,0,0.0,2,taxi,4012.86
Hyderabad,90.2,car,20.1,102.0,fast_food,fine_dining,3,1,sightseeing,0,0.0,1,public_transport,2900.19
Goa,45.6,scooter,53.3,102.0,veg,budget,4,4,entertainment,0,0.0,1,public_transport,1351.86
Kochi,124.7,car,17.1,102.0,fast_food,fine_dining,3,1,entertainment,1,2214.5,1,taxi,5822.93
Delhi,140.4,scooter,46.6,102.0,fast_food,mid_range,2,5,sightseeing,1,3131.17,1,public_transport,4764.03
Mumbai,182.3,ev,0.15,8.5,local_cuisine,fine_dining,3,5,beach,0,0.0,1,rental_vehicle,3718.04
Goa,151.5,car,19.6,102.0,fast_food,budget,3,4,sightseeing,0,0.0,3,taxi,4070.84
Bengaluru,171.0,car,21.9,102.0,veg,mid_range,3,1,museum,0,0.0,2,rental_vehicle,3451.69
Bengaluru,40.9,ev,0.17,8.5,veg,budget,3,1,entertainment,0,0.0,4,taxi,3081.68
Kochi,49.9,bike,38.9,102.0,veg,budget,3,4,sightseeing,0,0.0,1,personal_vehicle,1163.33
Hyderabad,147.2,ev,0.19,8.5,fast_food,budget,3,2,sightseeing,1,1030.6,1,personal_vehicle,2188.53
Kochi,173.7,scooter,45.1,102.0,local_cuisine,budget,3,1,adventure,0,0.0,1,personal_vehicle,1151.22
Chennai,100.0,ev,0.14,8.5,non_veg,budget,4,4,cafe_hopping,1,3708.85,3,rental_vehicle,7583.87
Delhi,54.7,scooter,52.2,102.0,fast_food,mid_range,2,1,adventure,0,0.0,2,personal_vehicle,2015.64
Jaipur,186.7,ev,0.12,8.5,non_veg,fine_dining,4,2,shopping,0,0.0,3,personal_vehicle,9654.62
Bengaluru,156.9,scooter,54.3,102.0,cafe,budget,3,1,beach,0,0.0,1,public_transport,1091.58
Kochi,189.5,scooter,45.6,102.0,fast_food,budget,3,2,shopping,0,0.0,1,public_transport,1276.45
Mumbai,145.8,ev,0.12,8.5,fast_food,budget,3,1,shopping,1,3668.72,1,taxi,5022.97
Chennai,41.4,bike,35.4,102.0,local_cuisine,budget,3,2,entertainment,1,3109.77,1,personal_vehicle,4109.77
Delhi,80.3,scooter,54.0,102.0,cafe,mid_range,4,5,entertainment,0,0.0,1,personal_vehicle,2180.12
Bengaluru,131.8,scooter,42.5,102.0,veg,budget,3,2,cafe_hopping,0,0.0,3,rental_vehicle,2769.89
Jaipur,181.8,car,16.1,102.0,cafe,fine_dining,3,4,museum,0,0.0,1,public_transport,3699.31
Chennai,32.0,ev,0.14,8.5,veg,budget,2,5,beach,0,0.0,3,rental_vehicle,3214.88
Chennai,22.3,car,16.5,102.0,cafe,mid_range,3,5,beach,1,1993.85,1,taxi,4340.13
Bengaluru,119.7,ev,0.17,8.5,local_cuisine,mid_range,3,3,museum,1,2149.84,2,taxi,5771.44
Hyderabad,89.2,car,12.4,102.0,cafe,budget,3,4,sightseeing,1,3734.99,1,rental_vehicle,6105.41
Bengaluru,144.7,scooter,53.7,102.0,cafe,mid_range,3,3,museum,0,0.0,4,personal_vehicle,6061.36
Jaipur,126.8,bike,41.6,102.0,cafe,budget,3,5,cafe_hopping,0,0.0,2,public_transport,2700.31
Chennai,114.5,bike,45.0,102.0,veg,mid_range,2,5,museum,0,0.0,2,personal_vehicle,2879.43
Delhi,187.0,bike,36.3,102.0,veg,fine_dining,3,5,adventure,1,2472.45,1,rental_vehicle,6135.92
Kochi,102.7,ev,0.19,8.5,cafe,budget,2,3,adventure,1,3343.91,2,public_transport,5180.5
Delhi,143.2,ev,0.12,8.5,cafe,fine_dining,3,3,cafe_hopping,1,2211.13,1,public_transport,4909.59
Goa,133.2,bike,45.2,102.0,local_cuisine,budget,3,3,cafe_hopping,0,0.0,1,rental_vehicle,1533.96
Jaipur,68.0,scooter,47.1,102.0,veg,budget,3,1,beach,0,0.0,2,taxi,1940.65
Kochi,167.1,car,16.2,102.0,non_veg,mid_range,4,2,beach,0,0.0,2,taxi,4789.3
Bengaluru,84.0,bike,37.9,102.0,non_veg,mid_range,3,4,sightseeing,1,1434.97,1,personal_vehicle,3187.15
Kochi,82.3,bike,49.8,102.0,non_veg,mid_range,3,3,sightseeing,1,3295.66,1,public_transport,5023.7
Mumbai,27.9,car,15.1,102.0,veg,budget,4,5,shopping,1,3970.49,3,taxi,8717.44
Chennai,180.8,car,21.7,102.0,veg,fine_dining,3,5,adventure,1,1698.52,4,personal_vehicle,14124.15
Kochi,11.1,car,14.1,102.0,local_cuisine,fine_dining,2,1,museum,0,0.0,1,personal_vehicle,1677.85
Goa,164.8,car,14.3,102.0,cafe,budget,3,5,museum,1,4378.67,1,personal_vehicle,6854.05
Jaipur,106.1,scooter,48.7,102.0,non_veg,mid_range,3,3,sightseeing,0,0.0,1,taxi,1983.79
Kochi,141.8,bike,42.2,102.0,fast_food,mid_range,3,2,sightseeing,0,0.0,1,public_transport,1740.12
Goa,121.7,bike,49.9,102.0,local_cuisine,mid_range,3,1,beach,1,1950.89,2,public_transport,4518.6
Jaipur,127.0,scooter,51.2,102.0,local_cuisine,budget,3,3,cafe_hopping,1,2979.21,1,taxi,4445.58
Hyderabad,134.1,bike,41.2,102.0,veg,mid_range,3,4,beach,1,881.18,2,public_transport,4339.44
Hyderabad,116.8,ev,0.2,8.5,non_veg,mid_range,3,1,beach,0,0.0,1,public_transport,1453.75
Hyderabad,45.6,bike,39.4,102.0,cafe,mid_range,2,2,entertainment,1,4281.46,2,rental_vehicle,6775.33
Hyderabad,65.1,scooter,43.8,102.0,local_cuisine,mid_range,3,4,sightseeing,1,4323.7,1,rental_vehicle,6205.0
Hyderabad,30.8,car,19.8,102.0,cafe,mid_range,3,4,sightseeing,0,0.0,1,taxi,2066.18
Chennai,168.6,ev,0.14,8.5,non_veg,mid_range,3,3,cafe_hopping,0,0.0,1,personal_vehicle,1617.38
Goa,86.4,car,14.1,102.0,veg,budget,2,4,adventure,1,2345.63,2,rental_vehicle,5271.01
Goa,199.2,car,21.2,102.0,fast_food,mid_range,3,1,cafe_hopping,1,4100.13,4,personal_vehicle,10098.35
Delhi,134.7,ev,0.11,8.5,non_veg,mid_range,3,3,shopping,1,2742.7,2,taxi,6430.64
Kochi,148.1,bike,44.3,102.0,cafe,fine_dining,3,4,adventure,0,0.0,1,taxi,3396.43
Mumbai,197.0,car,15.7,102.0,cafe,budget,3,2,museum,1,2552.71,2,public_transport,5660.16
Delhi,157.6,car,14.7,102.0,non_veg,mid_range,2,4,adventure,1,3684.45,2,personal_vehicle,7041.88
Hyderabad,91.8,ev,0.1,8.5,non_veg,budget,4,2,museum,0,0.0,1,personal_vehicle,1106.86
Chennai,68.2,bike,46.6,102.0,veg,budget,2,1,shopping,0,0.0,2,rental_vehicle,1397.74
Jaipur,117.7,ev,0.12,8.5,non_veg,mid_range,3,4,beach,0,0.0,4,taxi,6714.21
Jaipur,72.2,bike,35.5,102.0,fast_food,budget,3,4,entertainment,0,0.0,2,taxi,2601.73
Hyderabad,69.7,bike,34.7,102.0,fast_food,mid_range,3,1,cafe_hopping,1,874.02,4,public_transport,5966.6
Hyderabad,21.3,scooter,53.2,102.0,local_cuisine,mid_range,2,2,sightseeing,0,0.0,1,personal_vehicle,1071.11
